chemical	name	molecular_weight	SMILES_string
CIDs00000379	octanoate	144.21144	CCCCCCCC(=O)O
CIDs00000581	2-acetylamino-3-mercaptopropionic acid	163.19486	CC(=O)NC(CS)C(=O)O
CIDs00000957	octanol	130.22792	CCCCCCCCO
CIDs00002550	(-)-Captopril	217.2853	CC(CS)C(=O)N1CCCC1C(=O)O
CIDs00002969	decanoate	172.2646	CCCCCCCCCC(=O)O
CIDs00003279	Ethopian	204.30976	CCC(CO)NCCNC(CC)CO
CIDs00003893	lauric acid	200.31776	CCCCCCCCCCCC(=O)O
CIDs00005251	sorbic acid	112.12652	CC=CC=CC(=O)O
CIDs00005281	stearic acid	284.47724	CCCCCCCCCCCCCCCCCC(=O)O
CIDs00006276	pentanol	88.14818	CCCCCO
CIDs00006917	polyvinylpyrrolidone	111.14176	C=CN1CCCC1=O
CIDs00008042	isopropyl myristate	270.45066	CCCCCCCCCCCCCC(=O)OC(C)C
CIDs00008094	heptanoic acid	130.18486	CCCCCCC(=O)O
CIDs00008103	hexanol	102.17476	CCCCCCO
CIDs00008129	heptanol	116.20134	CCCCCCCO
CIDs00008158	NONOate	158.23802	CCCCCCCCC(=O)O
CIDs00008174	panorama	158.28108	CCCCCCCCCCO
CIDs00008180	undecanoic acid	186.29118	CCCCCCCCCCC(=O)O
CIDs00008184	non-ethanol	172.30766	CCCCCCCCCCCO
CIDs00008193	dodecanol	186.33424	CCCCCCCCCCCCO
CIDs00008207	1-tridecanol	200.36082	CCCCCCCCCCCCCO
CIDs00008209	tetradecanol	214.3874	CCCCCCCCCCCCCCO
CIDs00008215	behenic acid	340.58356	CCCCCCCCCCCCCCCCCCCCCC(=O)O
CIDs00008221	octadecanol	270.49372	CCCCCCCCCCCCCCCCCCO
CIDs00008892	hexanoic acid	116.15828	CCCCCC(=O)O
CIDs00008907	Isopal	298.50382	CCCCCCCCCCCCCCCC(=O)OC(C)C
CIDs00008914	non-O1	144.2545	CCCCCCCCCO
CIDs00010465	heptadecanoic acid	270.45066	CCCCCCCCCCCCCCCCC(=O)O
CIDs00010467	arachidic acid	312.5304	CCCCCCCCCCCCCCCCCCCC(=O)O
CIDs00010468	pentacosanoic acid	382.6633	CCCCCCCCCCCCCCCCCCCCCCCCC(=O)O
CIDs00010469	hexacosanoic acid	396.68988	CCCCCCCCCCCCCCCCCCCCCCCCCC(=O)O
CIDs00010470	octacosanoic acid	424.74304	CCCCCCCCCCCCCCCCCCCCCCCCCCCC(=O)O
CIDs00010547	echothiophate	383.227052	CCOP(=O)(OCC)SCC[N+](C)(C)C.[I-]
CIDs00011005	myristic acid	228.37092	CCCCCCCCCCCCCC(=O)O
CIDs00011180	zinc octanoate	351.787	CCCCCCCC(=O)[O-].CCCCCCCC(=O)[O-].[Zn+2]
CIDs00011197	lignoceric acid	368.63672	CCCCCCCCCCCCCCCCCCCCCCCC(=O)O
CIDs00012035	N-acetylcysteine	163.19486	CC(=O)NC(CS)C(=O)O
CIDs00012215	but-2-enedioic acid dimethyl ester	144.12532	COC(=O)C=CC(=O)OC
CIDs00012397	pentadecanol	228.41398	CCCCCCCCCCCCCCCO
CIDs00012404	eicosanol	298.54688	CCCCCCCCCCCCCCCCCCCCO
CIDs00012530	tridecanoic acid	214.34434	CCCCCCCCCCCCC(=O)O
CIDs00012591	nonadecanoic acid	298.50382	CCCCCCCCCCCCCCCCCCC(=O)O
CIDs00012620	docosanol	326.60004	CCCCCCCCCCCCCCCCCCCCCCO
CIDs00013849	pentadecanoic acid	242.3975	CCCCCCCCCCCCCCC(=O)O
CIDs00014917	fluoride	20.006343	F
CIDs00015076	heptadecanol	256.46714	CCCCCCCCCCCCCCCCCO
CIDs00016898	heneicosanoic acid	326.55698	CCCCCCCCCCCCCCCCCCCCC(=O)O
CIDs00017085	tricosanoic acid	354.61014	CCCCCCCCCCCCCCCCCCCCCCC(=O)O
CIDs00019255	lacceroic acid	480.84936	CCCCCCCCCCCCCCCCCCCCCCCCCCCCCCCC(=O)O
CIDs00044093	captopril	217.2853	CC(CS)C(=O)N1CCCC1C(=O)O
CIDs00064963	1,4,7,10-tetraazacyclododecane	172.2712	C1CNCCNCCNCCN1
CIDs00068406	octacosanol	410.75952	CCCCCCCCCCCCCCCCCCCCCCCCCCCCO
CIDs00068972	triacontanol	438.81268	CCCCCCCCCCCCCCCCCCCCCCCCCCCCCCO
CIDs00094364	N-acetyl-D-cysteine	163.19486	CC(=O)NC(CS)C(=O)O
CIDs00105162	fluorine-18	19.008878	F
CIDs00105174	bromine-82	82.924744	Br
CIDs00123313	AC1L3WB6	80.911825	Br
CIDs00123341	deuterium fluoride	20.006228	F
CIDs00157921	Metvix	181.61738	COC(=O)CCC(=O)CN.Cl
CIDs00159250	strontium chloride hexahydrate	266.61768	O.O.O.O.O.O.[Cl-].[Cl-].[Sr+2]
CIDs00164708	AC1L4VB1	286.469782	CCCCCCCCCCCCCCCCCC(=O)O
CIDs00167087	Bromine-80	80.926469	Br
CIDs00167419	bromine-76	76.932481	Br
CIDs00175783	AC1L41Q4	272.443202	CCCCCCCCCCCCCCCCC(=O)O
CIDs00177454	Bromine-83	83.92312	Br
CIDs00177468	bromine-75	75.933716	Br
CIDs00177643	Bromine-74	74.937831	Br
CIDs00177674	bromine-77	77.929319	Br
CIDs00178187	Bromine-84	84.924419	Br
CIDs00188318	1,4,7-triazacyclononane	129.2034	C1CNCCNCCN1
CIDs00410087	PVP-I	364.9507	C=CN1CCCC1=O.II
CIDs00446549	AC1L9JSS	217.2853	CC(CS)C(=O)N1CCCC1C(=O)O
CIDs00447055	D-captopril	217.2853	CC(CS)C(=O)N1CCCC1C(=O)O
CIDs00448982	AC1L9MKX	217.2853	CC(CS)C(=O)N1CCCC1C(=O)O
CIDs00450623	AC1L9P1Z	115.159014	CCCCCC(=O)O
CIDs00450624	AC1L9P20	143.212174	CCCCCCCC(=O)O
CIDs00450625	AC1L9P21	143.212174	CCCCCCCC(=O)O
CIDs00450626	AC1L9P22	199.318494	CCCCCCCCCCCC(=O)O
CIDs00450631	AC1L9P27	115.159014	CCCCCC(=O)O
CIDs00450632	AC1L9P28	143.212174	CCCCCCCC(=O)O
CIDs00450633	AC1L9P29	171.265334	CCCCCCCCCC(=O)O
CIDs00465436	CTK5E0043	204.30976	CCC(CO)NCCNC(CC)CO
CIDs00470071	Z-0884	204.30976	CCC(CO)NCCNC(CC)CO
CIDs00470072	AC1LU7L5	204.30976	CCC(CO)NCCNC(CC)CO
CIDs00504259	SCHEMBL2961583	204.30976	CCC(CO)NCCNC(CC)CO
CIDs00518779	deuterium bromide	81.918102	Br
CIDs00637568	dimethyl fumarate	144.12532	COC(=O)C=CC(=O)OC
CIDs00643460	sorbic acid	112.12652	CC=CC=CC(=O)O
CIDs00688267	DB02032	217.2853	CC(CS)C(=O)N1CCCC1C(=O)O
CIDs05271565	Maleic acid dimethylester	144.12532	COC(=O)C=CC(=O)OC
CIDs05282597	heptatriacontanoic acid	550.98226	CCCCCCCCCCCCCCCCCCCCCCCCCCCCCCCCCCCCC(=O)O
CIDs05282737	12-tridecenoic acid	212.32846	C=CCCCCCCCCCCC(=O)O
CIDs06433082	hexaminolevulinate	251.75028	CCCCCCOC(=O)CCC(=O)CN.Cl
CIDs06914122	fluoro(2H)	21.012505	F
CIDs09898791	(19)F	20.006343	F
CIDs10015395	CID10015395	258.459682	CCCCCCCCCCCCCCCCCO
CIDs10034598	CID10034598	104.167302	CCCCCCO
CIDs10057437	CID10057437	18.010035	F
CIDs10057544	(1R)-1-deuteriooctan-1-ol	131.234082	CCCCCCCCO
CIDs10130405	5-aminolaevulinic acid-n-pentylester	201.26276	CCCCCOC(=O)CCC(=O)CN
CIDs10219504	1-13C-octanoic acid	145.204095	CCCCCCCC(=O)O
CIDs10220462	octyl 5-amino-4-oxo-pentanoate	243.3425	CCCCCCCCOC(=O)CCC(=O)CN
CIDs10241093	CID10241093	160.273622	CCCCCCCCCCO
CIDs10329270	(2Z,4E)-2,4-dideuteriohexa-2,4-dienoic acid	114.138844	CC=CC=CC(=O)O
CIDs10374573	deuterio 2,2,3,3,4,4,5,5,6,6,7,7,7-tridecadeuterioheptanoate	144.271125	CCCCCCC(=O)O
CIDs10396815	(2E,4E)-2,4-dideuteriohexa-2,4-dienoic acid	114.138844	CC=CC=CC(=O)O
CIDs10419159	CID10419159	118.150822	CCCCCC(=O)O
CIDs10419680	304638_SIGMA	174.257142	CCCCCCCCCC(=O)O
CIDs10464334	CID10464334	119.111928	C=CN1CCCC1=O
CIDs10512327	2,3-dideuteriolauric acid	202.330084	CCCCCCCCCCCC(=O)O
CIDs10534660	(2R,4R)-2,4,6,6,6-pentadeuteriohexanoic acid	121.189089	CCCCCC(=O)O
CIDs10654374	3,3,4,4-tetradeuteriononan-1-ol	148.279147	CCCCCCCCCO
CIDs10678196	5,5,6,6-tetradeuteriohexan-1-ol	106.199407	CCCCCCO
CIDs10703960	9,9-dideuteriotridecanoic acid	216.356664	CCCCCCCCCCCCC(=O)O
CIDs10727474	10,10-dideuteriotridecanoic acid	216.356664	CCCCCCCCCCCCC(=O)O
CIDs10751964	3,3-dideuteriomyristic acid	230.383244	CCCCCCCCCCCCCC(=O)O
CIDs10857357	(13S)-2,2,3,3,13-pentadeuteriomyristic acid	233.401729	CCCCCCCCCCCCCC(=O)O
CIDs10898987	CID10898987	160.22333	CCCCCCCCC(=O)O
CIDs10899155	4-deuteriocapric acid	173.270762	CCCCCCCCCC(=O)O
CIDs10899706	1,1-dideuteriotridecan-1-ol	202.373144	CCCCCCCCCCCCCO
CIDs10964812	deuterio 2,2,3,3,4,4,5,5,6,6,7,7,8,8,8-pentadecadeuteriooctanoate	160.310028	CCCCCCCC(=O)O
CIDs10965034	7,7-dideuterioundecan-1-ol	174.319984	CCCCCCCCCCCO
CIDs10975973	2-deuteriocapric acid	173.270762	CCCCCCCCCC(=O)O
CIDs10997076	1-Octanol-1-13C	131.220575	CCCCCCCCO
CIDs11031759	2,2,3,3-tetradeuteriomyristic acid	232.395567	CCCCCCCCCCCCCC(=O)O
CIDs11040739	2-deuteriooctan-1-ol	131.234082	CCCCCCCCO
CIDs11051698	1,1,1,2,2,3,3,4,4,5,5,6,6,7,7-pentadecadeuterio-7-deuteriooxyheptane	132.299928	CCCCCCCO
CIDs11073457	(2R,3R)-2,3-dideuterioenanthic acid	132.197184	CCCCCCC(=O)O
CIDs11073915	CID11073915	174.24991	CCCCCCCCCC(=O)O
CIDs11084017	2-deuteriooctanoic acid	145.217602	CCCCCCCC(=O)O
CIDs11085731	2,2,3,3,10,10-hexadeuteriomyristic acid	234.407891	CCCCCCCCCCCCCC(=O)O
CIDs11105496	2-deuteriononan-1-ol	145.260662	CCCCCCCCCO
CIDs11105505	CID11105505	146.23981	CCCCCCCCCO
CIDs11137306	I14-40969	146.203982	CCCCCCCC(=O)O
CIDs11139069	2,2,3,3,13,13-hexadeuteriomyristic acid	234.407891	CCCCCCCCCCCCCC(=O)O
CIDs11161537	CID11161537	269.451394	CCCCCCCCCCCCCCCCC(=O)O
CIDs11171029	2,2,3,3,5,5,6,6,8,8,9,9-dodecadeuterio-1,4,7-triazonane	141.277341	C1CNCCNCCN1
CIDs11252659	12-deuteriolauric acid	201.323922	CCCCCCCCCCCC(=O)O
CIDs11401611	CID11401611	213.345074	CCCCCCCCCCCCC(=O)O
CIDs11550032	CID11550032	145.204095	CCCCCCCC(=O)O
CIDs11551870	CID11551870	341.576215	CCCCCCCCCCCCCCCCCCCCCC(=O)O
CIDs11789713	10,10-dideuterioundecan-1-ol	174.319984	CCCCCCCCCCCO
CIDs11815300	5,6-dideuteriohexan-1-ol	104.187084	CCCCCCO
CIDs11820386	7,7,8,8-tetratritiotridecan-1-ol	208.393257	CCCCCCCCCCCCCO
CIDs11839318	(4E)-hexa-2,4-dienoic acid	112.12652	CC=CC=CC(=O)O
CIDs12201064	Dimethyl fumarate-2,3-d2	146.137644	COC(=O)C=CC(=O)OC
CIDs12209363	Capric acid-1-13C	173.257255	CCCCCCCCCC(=O)O
CIDs12215303	1-Octanol-d18	148.338832	CCCCCCCCO
CIDs12215305	d2, 1-octanol	132.240244	CCCCCCCCO
CIDs12215313	1,1-dideuterodecanol	160.293404	CCCCCCCCCCO
CIDs12215316	2-deuteriodecan-1-ol	159.287242	CCCCCCCCCCO
CIDs12215319	28879-11-0	188.326782	CCCCCCCCCCCCO
CIDs12215322	1-Dodecanol-1-13C	187.326895	CCCCCCCCCCCCO
CIDs12215323	9,9,10,10-tetradeuteriododecan-1-ol	190.358887	CCCCCCCCCCCCO
CIDs12215324	1-Dodecan-d25-ol	211.488284	CCCCCCCCCCCCO
CIDs12215329	1,1-dideuteriooctadecan-1-ol	272.506044	CCCCCCCCCCCCCCCCCCO
CIDs12215330	2-deuteriooctadecan-1-ol	271.499882	CCCCCCCCCCCCCCCCCCO
CIDs12222595	hexanoic-2, 2-D2 acid	118.170604	CCCCCC(=O)O
CIDs12222599	Caproic acid-6,6,6-d3	119.176765	CCCCCC(=O)O
CIDs12222600	Caproic acid-1-13C	117.150935	CCCCCC(=O)O
CIDs12222843	heptane at-14 C	132.177402	CCCCCCC(=O)O
CIDs12225306	1,1-dideuteriopentan-1-ol	90.160504	CCCCCO
CIDs12225307	1-Pentanol-1-13C	89.140835	CCCCCO
CIDs12225312	Pentyl alcohol-d	89.154342	CCCCCO
CIDs12225314	6-deuteriohexan-1-ol	103.180922	CCCCCCO
CIDs12225318	hexanol-d3	105.193245	CCCCCCO
CIDs12225322	Heptanol-1-14C	118.193882	CCCCCCCO
CIDs12227347	55322-51-5	202.310302	CCCCCCCCCCCC(=O)O
CIDs12227348	Lauric-2,2-d2 acid	202.330084	CCCCCCCCCCCC(=O)O
CIDs12227349	Lauric acid-1-13C	201.310415	CCCCCCCCCCCC(=O)O
CIDs12254363	2,2-dideuterioicosanoic acid	314.542724	CCCCCCCCCCCCCCCCCCCC(=O)O
CIDs12346568	Stearic acid-2,2-d2	286.489564	CCCCCCCCCCCCCCCCCC(=O)O
CIDs12346575	stearic-d35 acid	319.692902	CCCCCCCCCCCCCCCCCC(=O)O
CIDs12358993	2,2-dideuteriomyristic acid	230.383244	CCCCCCCCCCCCCC(=O)O
CIDs12877547	CTK2A2865	217.2853	CC(CS)C(=O)N1CCCC1C(=O)O
CIDs12877548	SCHEMBL2422871	217.2853	CC(CS)C(=O)N1CCCC1C(=O)O
CIDs13011402	Octanoic-d15 acid	159.303867	CCCCCCCC(=O)O
CIDs13335706	24333-16-2	141.616302	C[N+](C)(C)CCO.[Cl-]
CIDs16079352	2,2-dideuteriononadecanoic acid	300.516144	CCCCCCCCCCCCCCCCCCC(=O)O
CIDs16104431	6,6,7,7,8,8,8-heptadeuteriooctan-1-ol	137.271052	CCCCCCCCO
CIDs16104437	16,16,17,17,18,18,18-heptadeuteriooctadecan-1-ol	277.536852	CCCCCCCCCCCCCCCCCCO
CIDs16211897	Stearic acid-1-13C	285.469895	CCCCCCCCCCCCCCCCCC(=O)O
CIDs16212357	myristic-d27 acid	255.537288	CCCCCCCCCCCCCC(=O)O
CIDs16212920	hexanoic-D11 acid	127.22606	CCCCCC(=O)O
CIDs16212921	1-Hexan-d13-ol	115.254863	CCCCCCO
CIDs16212925	1-Octan-d17-ol	147.33267	CCCCCCCCO
CIDs16212944	Lauric-d23 acid	223.459481	CCCCCCCCCCCC(=O)O
CIDs16213294	Lauric acid(d3)	203.336245	CCCCCCCCCCCC(=O)O
CIDs16213334	Lauric acid-12-13C	201.310415	CCCCCCCCCCCC(=O)O
CIDs16213401	CTK8F8635	185.067415	C[N+](C)(C)CCO.[Br-]
CIDs16213405	Decanoic-d19 acid	191.381674	CCCCCCCCCC(=O)O
CIDs16213464	Stearic acid(d3)	287.495725	CCCCCCCCCCCCCCCCCC(=O)O
CIDs16213483	Myristic acid-1,2-13C2	230.35623	CCCCCCCCCCCCCC(=O)O
CIDs16213484	Myristic acid-1-13C	229.363575	CCCCCCCCCCCCCC(=O)O
CIDs16213511	1-Pentan-d11-ol	99.21596	CCCCCO
CIDs16213539	Paresan-d9	148.679216	C[N+](C)(C)CCO.[Cl-]
CIDs16213598	Octanoic acid-1,2,3,4-13C4	148.182059	CCCCCCCC(=O)O
CIDs16213616	Tetracosanoic acid-1-13C	369.629375	CCCCCCCCCCCCCCCCCCCCCCCC(=O)O
CIDs16217341	Lauric acid-2-13C	201.310415	CCCCCCCCCCCC(=O)O
CIDs16217355	Lauric acid-1,2-13C2	202.30307	CCCCCCCCCCCC(=O)O
CIDs16217356	Behenic-d43 acid	383.848516	CCCCCCCCCCCCCCCCCCCCCC(=O)O
CIDs16217385	NSC 5025-13C2	174.24991	CCCCCCCCCC(=O)O
CIDs16217411	Myristic acid(d3)	231.389405	CCCCCCCCCCCCCC(=O)O
CIDs16217412	1-Tetradecan-d29-ol	243.566092	CCCCCCCCCCCCCCO
CIDs16217427	Stearic acid-1,2-13C2	286.46255	CCCCCCCCCCCCCCCCCC(=O)O
CIDs16217435	Octanoic acid-1,2-13C2	146.19675	CCCCCCCC(=O)O
CIDs16217539	Stearic acid-13C18	302.345027	CCCCCCCCCCCCCCCCCC(=O)O
CIDs16217619	Choline-1,1,2,2-d4 bromide	188.099407	C[N+](C)(C)CCO.[Br-]
CIDs18603703	SCHEMBL10868845	164.201022	CC(=O)NC(CS)C(=O)O
CIDs18663809	SCHEMBL7215143	272.486262	CCCCCCCCCCCCCCCCCCO
CIDs20687692	dibutyltindilaurate-T12	224.415071	CCCCCCCCCCCC(=O)O
CIDs22827795	2,2-dideuterioundecanoic acid	188.303504	CCCCCCCCCCC(=O)O
CIDs23271014	3,3-dideuteriopentan-1-ol	90.160504	CCCCCO
CIDs23271018	4,4-dideuteriopentan-1-ol	90.160504	CCCCCO
CIDs25170672	1,1,2,2,3,3,4,4-octadeuteriododecan-1-ol	194.383534	CCCCCCCCCCCCO
CIDs25210159	2,2-dideuteriocapric acid	175.269578	CCCCCCCCCC(=O)O
CIDs25216501	SCHEMBL13198951	222.420672	CCC(CO)NCCNC(CC)CO
CIDs25216504	N,N'-dideuterio-N,N'-bis[(2S)-1,1,2-trideuterio-1-deuteriooxybutan-2-yl]ethane-1,2-diamine	214.371378	CCC(CO)NCCNC(CC)CO
CIDs25216640	N,N'-dideuterio-N,N'-bis[(2S)-1,1,2,3,3,4,4,4-octadeuterio-1-deuteriooxybutan-2-yl]ethane-1,2-diamine	224.432996	CCC(CO)NCCNC(CC)CO
CIDs25216642	SCHEMBL13198947	216.383701	CCC(CO)NCCNC(CC)CO
CIDs25216775	SCHEMBL13198948	226.445319	CCC(CO)NCCNC(CC)CO
CIDs25216799	(2R)-1,1,2-trideuterio-2-[[1,1,2,2-tetradeuterio-2-[[(2R)-1,1-dideuterio-1-hydroxybutan-2-yl]amino]ethyl]amino]butan-1-ol	213.365216	CCC(CO)NCCNC(CC)CO
CIDs25216800	SCHEMBL13198925	208.334407	CCC(CO)NCCNC(CC)CO
CIDs25216801	SCHEMBL13198931	224.432996	CCC(CO)NCCNC(CC)CO
CIDs25216802	N,N'-dideuterio-N,N'-bis[(2S)-1-deuteriooxybutan-2-yl]ethane-1,2-diamine	208.334407	CCC(CO)NCCNC(CC)CO
CIDs25216803	SCHEMBL13198935	210.346731	CCC(CO)NCCNC(CC)CO
CIDs25216925	SCHEMBL13198928	222.420672	CCC(CO)NCCNC(CC)CO
CIDs25216929	SCHEMBL13198934	218.396025	CCC(CO)NCCNC(CC)CO
CIDs25217430	2-hydroxyethyl-tri(methyl)azanium;fluoride	235.046603	C[N+](C)(C)CCO.[I-]
CIDs25217740	SCHEMBL13198923	218.396025	CCC(CO)NCCNC(CC)CO
CIDs25217871	SCHEMBL13198952	228.457643	CCC(CO)NCCNC(CC)CO
CIDs25217873	SCHEMBL13198926	214.371378	CCC(CO)NCCNC(CC)CO
CIDs25217874	SCHEMBL13198929	212.359054	CCC(CO)NCCNC(CC)CO
CIDs25217995	(2S)-3-deuterio-2-[2-[[(1S)-2-deuterio-1-methylol-propyl]amino]ethylamino]butan-1-ol	206.322084	CCC(CO)NCCNC(CC)CO
CIDs25217996	SCHEMBL13198954	218.396025	CCC(CO)NCCNC(CC)CO
CIDs25217997	SCHEMBL13198916	214.371378	CCC(CO)NCCNC(CC)CO
CIDs25217998	Sural-d4	208.334407	CCC(CO)NCCNC(CC)CO
CIDs25217999	SCHEMBL13198919	218.396025	CCC(CO)NCCNC(CC)CO
CIDs25218000	SCHEMBL13198920	210.346731	CCC(CO)NCCNC(CC)CO
CIDs25218001	SCHEMBL13198921	220.408348	CCC(CO)NCCNC(CC)CO
CIDs25218003	(2R)-1,1,2,3,3,4,4,4-octadeuterio-2-[2-[[(2S)-1,1,2,3,3,4,4,4-octadeuterio-1-hydroxybutan-2-yl]amino]ethylamino]butan-1-ol	220.408348	CCC(CO)NCCNC(CC)CO
CIDs25218229	SCHEMBL13198915	216.383701	CCC(CO)NCCNC(CC)CO
CIDs25218230	SCHEMBL13198933	212.359054	CCC(CO)NCCNC(CC)CO
CIDs25218359	N,N',1,1,2,2-hexadeuterio-N-[(2S)-1,1,3,3,4,4,4-heptadeuterio-1-deuteriooxybutan-2-yl]-N'-[(2S)-3,3,4,4,4-pentadeuterio-1-deuteriooxybutan-2-yl]ethane-1,2-diamine	224.432996	CCC(CO)NCCNC(CC)CO
CIDs25218360	SCHEMBL13198940	214.371378	CCC(CO)NCCNC(CC)CO
CIDs25218361	N,N',1,1,2,2-hexadeuterio-N-[(2R)-2,3,3,4,4,4-hexadeuterio-1-deuteriooxybutan-2-yl]-N'-[(2S)-2,3,3,4,4,4-hexadeuterio-1-deuteriooxybutan-2-yl]ethane-1,2-diamine	224.432996	CCC(CO)NCCNC(CC)CO
CIDs25218362	SCHEMBL13198942	212.359054	CCC(CO)NCCNC(CC)CO
CIDs25218363	SCHEMBL13198937	220.408348	CCC(CO)NCCNC(CC)CO
CIDs25240183	2,4,6,6,6-pentadeuteriohexanoic acid	121.189089	CCCCCC(=O)O
CIDs25240455	2,2,3,3,13-pentadeuteriomyristic acid	233.401729	CCCCCCCCCCCCCC(=O)O
CIDs25240476	(13R)-2,2,3,3,13-pentadeuteriomyristic acid	233.401729	CCCCCCCCCCCCCC(=O)O
CIDs25240596	1-deuteriooctan-1-ol	131.234082	CCCCCCCCO
CIDs25241551	(1S)-1-deuterio-1-octanol	131.234082	CCCCCCCCO
CIDs42619525	2,3-dideuterioenanthic acid	132.197184	CCCCCCC(=O)O
CIDs44256490	Pentadecylic acid(d3)	245.415985	CCCCCCCCCCCCCCC(=O)O
CIDs44256491	heptadecanoic acid (D3	273.469145	CCCCCCCCCCCCCCCCC(=O)O
CIDs44256492	Arachidic acid(d3)	315.548885	CCCCCCCCCCCCCCCCCCCC(=O)O
CIDs44256493	behenic-22,22,22-d(3)-acid	343.602045	CCCCCCCCCCCCCCCCCCCCCC(=O)O
CIDs44256494	Lignoceric acid(d3)	371.655205	CCCCCCCCCCCCCCCCCCCCCCCC(=O)O
CIDs44256495	Cerotic acid(d3)	399.708365	CCCCCCCCCCCCCCCCCCCCCCCCCC(=O)O
CIDs44373690	CHEMBL161170	217.2853	CC(CS)C(=O)N1CCCC1C(=O)O
CIDs45038079	Acecoline-d9	235.166896	CC(=O)OCC[N+](C)(C)C.[Br-]
CIDs45038540	Captopril-D7	224.328432	CC(CS)C(=O)N1CCCC1C(=O)O
CIDs45934034	I14-40089	175.283085	CCCCCCCCCC(=O)O
CIDs45934052	(2,2-2H2)Docosanoic acid	342.595884	CCCCCCCCCCCCCCCCCCCCCC(=O)O
CIDs45934147	Octanoic acid-8,8,8-d3	147.229925	CCCCCCCC(=O)O
CIDs46204382	3-acetamido-3,3-dideuteriopropane-1-sulfonic acid	404.507047	CC(=O)NCCCS(=O)(=O)[O-].CC(=O)NCCCS(=O)(=O)[O-].[Ca+2]
CIDs46205325	SCHEMBL13323891	420.605636	CC(=O)NCCCS(=O)(=O)[O-].CC(=O)NCCCS(=O)(=O)[O-].[Ca+2]
CIDs46779970	CTK8G1534	166.213345	CC(=O)NC(CS)C(=O)O
CIDs46782951	Scoline-13C6	367.260929	C[N+](C)(C)CCOC(=O)CCC(=O)OCC[N+](C)(C)C.[Cl-].[Cl-]
CIDs46844235	(2R)-2,5,6-trideuteriohexan-1-ol	105.193245	CCCCCCO
CIDs49818139	1-deuterioundecan-1-ol	173.313822	CCCCCCCCCCCO
CIDs53378100	SCHEMBL10824324	230.363462	CCCCCCCCCCCCCC(=O)O
CIDs53650995	1-tritiooxypentane	90.156289	CCCCCO
CIDs53844094	1,1,2,2-tetradeuteriooctadecan-1-ol	274.518367	CCCCCCCCCCCCCCCCCCO
CIDs54082146	Heptanoic-d13 acid	143.264963	CCCCCCC(=O)O
CIDs54211755	N-Acetyl-d3-L-cysteine	166.213345	CC(=O)NC(CS)C(=O)O
CIDs54541619	perdeuterated N-hendecanoic acid	207.420577	CCCCCCCCCCC(=O)O
CIDs56845937	I14-39800	131.293767	CCCCCCCO
CIDs57241499	(2E)-hexa-2,4-dienoic acid	112.12652	CC=CC=CC(=O)O
CIDs57386499	14,14,14-tritritiomyristic acid	234.395248	CCCCCCCCCCCCCC(=O)O
CIDs57387008	11,11,12,12,13,13,14,14,15,15,16,16,17,17,18,18,18-heptadecadeuteriostearic acid	301.58199	CCCCCCCCCCCCCCCCCC(=O)O
CIDs57611099	SCHEMBL13198924	210.346731	CCC(CO)NCCNC(CC)CO
CIDs57611100	SCHEMBL13198949	224.432996	CCC(CO)NCCNC(CC)CO
CIDs57611105	SCHEMBL13199020	224.432996	CCC(CO)NCCNC(CC)CO
CIDs57611109	SCHEMBL13199050	213.365216	CCC(CO)NCCNC(CC)CO
CIDs57611110	SCHEMBL13198927	220.408348	CCC(CO)NCCNC(CC)CO
CIDs57611111	SCHEMBL13198936	222.420672	CCC(CO)NCCNC(CC)CO
CIDs57611112	SCHEMBL13198941	224.432996	CCC(CO)NCCNC(CC)CO
CIDs57611113	SCHEMBL13198950	214.371378	CCC(CO)NCCNC(CC)CO
CIDs57611114	SCHEMBL13198917	206.322084	CCC(CO)NCCNC(CC)CO
CIDs57611118	SCHEMBL13198994	228.457643	CCC(CO)NCCNC(CC)CO
CIDs58290914	5-deuteriopentan-1-ol	89.154342	CCCCCO
CIDs58451455	2,2,3,3,4,4-hexadeuteriohexanoic acid	122.195251	CCCCCC(=O)O
CIDs59099917	1-deuteriooxyundecane	173.313822	CCCCCCCCCCCO
CIDs59110032	1-tritiooxynonane	146.262609	CCCCCCCCCO
CIDs59168449	1-tritiohexan-1-ol	104.182869	CCCCCCO
CIDs59168514	1-tritiopentan-1-ol	90.156289	CCCCCO
CIDs60153254	2-chloranyl-N-(2-chloranylethyl)-N-methyl-ethanamine	196.485099	CN(CCCl)CCCl.Cl
CIDs71308813	SCHEMBL1332725	286.347148	CCCCCCCCCCCCCCCC(=O)[O-].[Na+]
CIDs71308856	Caproic acid-1,2-13C2	118.14359	CCCCCC(=O)O
CIDs71308863	1-Hexanol-13C6	108.130689	CCCCCCO
CIDs71308873	Myristic acid-ul-13C	242.268088	CCCCCCCCCCCCCC(=O)O
CIDs71308915	Lauric acid-1,2,3,4-13C4	204.288379	CCCCCCCCCCCC(=O)O
CIDs71308916	Lauric acid-1,12-13C2	202.30307	CCCCCCCCCCCC(=O)O
CIDs71308942	Octanoic acid-7-13C	145.204095	CCCCCCCC(=O)O
CIDs71308943	Octanoic acid-7,8-13C2	146.19675	CCCCCCCC(=O)O
CIDs71308957	Stearic acid-2-13C	285.469895	CCCCCCCCCCCCCCCCCC(=O)O
CIDs71308960	SCHEMBL1330837	170.163889	CCCC(CCC)C(=O)[O-].[Na+]
CIDs71309010	SCHEMBL1331276	289.508049	CCCCCCCCCCCCCCCCCC(=O)O
CIDs71309123	Choline chloride-1-13C	140.616415	C[N+](C)(C)CCO.[Cl-]
CIDs71309160	Octanoic acid-13C8	152.152679	CCCCCCCC(=O)O
CIDs71309161	Octanoic acid-2-13C	145.204095	CCCCCCCC(=O)O
CIDs71309162	Octanoic acid-5,6,7,8-13C4	148.182059	CCCCCCCC(=O)O
CIDs71309172	Stearic acid-18-13C	285.469895	CCCCCCCCCCCCCCCCCC(=O)O
CIDs71309229	SCHEMBL1332395	233.401729	CCCCCCCCCCCCCC(=O)O
CIDs71309231	Tridecanoic-2,2-d2 acid	216.356664	CCCCCCCCCCCCC(=O)O
CIDs71309257	Undecanoic acid-1-13C	187.283835	CCCCCCCCCCC(=O)O
CIDs71309264	Octanoic acid-8-13C	145.204095	CCCCCCCC(=O)O
CIDs71309272	Capric acid-10-13C	173.257255	CCCCCCCCCC(=O)O
CIDs71309391	Sodium octanoate-2,4,6,8-13C4	170.163889	CCCCCCCC(=O)[O-].[Na+]
CIDs71309569	Heptanoic-5,6,7-13C3 acid	133.162825	CCCCCCC(=O)O
CIDs71309678	175736-89-7	478.76785	CCCCC(CC)COC(=O)CC(C(=O)OCC(CC)CCCC)S(=O)(=O)[O-].[Na+]
CIDs71309778	Docusate-13C4 sodium salt	448.528969	CCCCC(CC)COC(=O)CC(C(=O)OCC(CC)CCCC)S(=O)(=O)[O-].[Na+]
CIDs71309940	Lauric acid-11,11,12,12,12-d5	205.348569	CCCCCCCCCCCC(=O)O
CIDs71309957	Isopropyl myristate-1,2-13C2	272.43597	CCCCCCCCCCCCCC(=O)OC(C)C
CIDs71310335	Choline chloride-15N	140.617169	C[N+](C)(C)CCO.[Cl-]
CIDs71314058	Antimit-d4	196.539127	CN(CCCl)CCCl.Cl
CIDs71314500	Captopril-d3	220.303785	CC(CS)C(=O)N1CCCC1C(=O)O
CIDs71479888	4,4,5,5-tetradeuterioheptan-1-ol	120.225987	CCCCCCCO
CIDs71479986	9,9,10,10-tetradeuteriolauric acid	204.342407	CCCCCCCCCCCC(=O)O
CIDs71728400	((2)H25)tridecanoic acid	239.498384	CCCCCCCCCCCCC(=O)O
CIDs72735671	2,2,3,3,4,4,5,5,6,6,7,7,8,8,9,9,9-heptadecadeuteriononanoic acid	175.34277	CCCCCCCCC(=O)O
CIDs72735672	1,1,2,2,3,3,4,4,5,5,6,6,7,7,8,8,9,9,9-nonadecadeuteriononan-1-ol	163.371574	CCCCCCCCCO
CIDs73416269	(2S)-1-[(2R)-2-ethylhexoxy]-4-[(2S)-2-ethylhexoxy]-1,4-dioxobutane-2-sulfonic acid	883.21516	CCCCC(CC)COC(=O)CC(C(=O)OCC(CC)CCCC)S(=O)(=O)[O-].CCCCC(CC)COC(=O)CC(C(=O)OCC(CC)CCCC)S(=O)(=O)[O-].[Ca+2]
CIDs73416271	UNII-6K7YS503HC component DWKPZOZZBLWFJX-IRKZEFLSSA-L	883.21516	CCCCC(CC)COC(=O)CC(C(=O)OCC(CC)CCCC)S(=O)(=O)[O-].CCCCC(CC)COC(=O)CC(C(=O)OCC(CC)CCCC)S(=O)(=O)[O-].[Ca+2]
CIDs73416272	UNII-6K7YS503HC component DWKPZOZZBLWFJX-CENQPWEHSA-L	883.21516	CCCCC(CC)COC(=O)CC(C(=O)OCC(CC)CCCC)S(=O)(=O)[O-].CCCCC(CC)COC(=O)CC(C(=O)OCC(CC)CCCC)S(=O)(=O)[O-].[Ca+2]
CIDs73416274	UNII-6K7YS503HC component DWKPZOZZBLWFJX-XOXAAVKJSA-L	883.21516	CCCCC(CC)COC(=O)CC(C(=O)OCC(CC)CCCC)S(=O)(=O)[O-].CCCCC(CC)COC(=O)CC(C(=O)OCC(CC)CCCC)S(=O)(=O)[O-].[Ca+2]
CIDs73416275	UNII-6K7YS503HC component DWKPZOZZBLWFJX-YZDDTIPNSA-L	883.21516	CCCCC(CC)COC(=O)CC(C(=O)OCC(CC)CCCC)S(=O)(=O)[O-].CCCCC(CC)COC(=O)CC(C(=O)OCC(CC)CCCC)S(=O)(=O)[O-].[Ca+2]
CIDs73416276	UNII-6K7YS503HC component DWKPZOZZBLWFJX-RUILDTEZSA-L	883.21516	CCCCC(CC)COC(=O)CC(C(=O)OCC(CC)CCCC)S(=O)(=O)[O-].CCCCC(CC)COC(=O)CC(C(=O)OCC(CC)CCCC)S(=O)(=O)[O-].[Ca+2]
CIDs73416278	UNII-6K7YS503HC component DWKPZOZZBLWFJX-KAJJBBMGSA-L	883.21516	CCCCC(CC)COC(=O)CC(C(=O)OCC(CC)CCCC)S(=O)(=O)[O-].CCCCC(CC)COC(=O)CC(C(=O)OCC(CC)CCCC)S(=O)(=O)[O-].[Ca+2]
CIDs73416279	UNII-6K7YS503HC component DWKPZOZZBLWFJX-MLXSHTCRSA-L	883.21516	CCCCC(CC)COC(=O)CC(C(=O)OCC(CC)CCCC)S(=O)(=O)[O-].CCCCC(CC)COC(=O)CC(C(=O)OCC(CC)CCCC)S(=O)(=O)[O-].[Ca+2]
CIDs73416280	UNII-6K7YS503HC component DWKPZOZZBLWFJX-BCYMGNKOSA-L	883.21516	CCCCC(CC)COC(=O)CC(C(=O)OCC(CC)CCCC)S(=O)(=O)[O-].CCCCC(CC)COC(=O)CC(C(=O)OCC(CC)CCCC)S(=O)(=O)[O-].[Ca+2]
CIDs73416281	UNII-6K7YS503HC component DWKPZOZZBLWFJX-ZLTRWZBVSA-L	883.21516	CCCCC(CC)COC(=O)CC(C(=O)OCC(CC)CCCC)S(=O)(=O)[O-].CCCCC(CC)COC(=O)CC(C(=O)OCC(CC)CCCC)S(=O)(=O)[O-].[Ca+2]
CIDs73416282	UNII-6K7YS503HC component DWKPZOZZBLWFJX-POMNWPBESA-L	883.21516	CCCCC(CC)COC(=O)CC(C(=O)OCC(CC)CCCC)S(=O)(=O)[O-].CCCCC(CC)COC(=O)CC(C(=O)OCC(CC)CCCC)S(=O)(=O)[O-].[Ca+2]
CIDs73416283	UNII-6K7YS503HC component DWKPZOZZBLWFJX-VFIKNCAMSA-L	883.21516	CCCCC(CC)COC(=O)CC(C(=O)OCC(CC)CCCC)S(=O)(=O)[O-].CCCCC(CC)COC(=O)CC(C(=O)OCC(CC)CCCC)S(=O)(=O)[O-].[Ca+2]
CIDs73416284	UNII-6K7YS503HC component DWKPZOZZBLWFJX-IYTPPENGSA-L	883.21516	CCCCC(CC)COC(=O)CC(C(=O)OCC(CC)CCCC)S(=O)(=O)[O-].CCCCC(CC)COC(=O)CC(C(=O)OCC(CC)CCCC)S(=O)(=O)[O-].[Ca+2]
CIDs73416285	UNII-6K7YS503HC component DWKPZOZZBLWFJX-HGALQPCTSA-L	883.21516	CCCCC(CC)COC(=O)CC(C(=O)OCC(CC)CCCC)S(=O)(=O)[O-].CCCCC(CC)COC(=O)CC(C(=O)OCC(CC)CCCC)S(=O)(=O)[O-].[Ca+2]
CIDs73416288	calcium;(2R)-1,4-bis[(2R)-2-ethylhexoxy]-1,4-dioxobutane-2-sulfonate;(2R)-1,4-bis[(2S)-2-ethylhexoxy]-1,4-dioxobutane-2-sulfonate	883.21516	CCCCC(CC)COC(=O)CC(C(=O)OCC(CC)CCCC)S(=O)(=O)[O-].CCCCC(CC)COC(=O)CC(C(=O)OCC(CC)CCCC)S(=O)(=O)[O-].[Ca+2]
CIDs73416289	calcium;(2S)-1,4-bis[(2R)-2-ethylhexoxy]-1,4-dioxobutane-2-sulfonate;(2S)-1,4-bis[(2S)-2-ethylhexoxy]-1,4-dioxobutane-2-sulfonate	883.21516	CCCCC(CC)COC(=O)CC(C(=O)OCC(CC)CCCC)S(=O)(=O)[O-].CCCCC(CC)COC(=O)CC(C(=O)OCC(CC)CCCC)S(=O)(=O)[O-].[Ca+2]
CIDs73416290	UNII-6K7YS503HC component DWKPZOZZBLWFJX-GALWAXQTSA-L	883.21516	CCCCC(CC)COC(=O)CC(C(=O)OCC(CC)CCCC)S(=O)(=O)[O-].CCCCC(CC)COC(=O)CC(C(=O)OCC(CC)CCCC)S(=O)(=O)[O-].[Ca+2]
CIDs73416291	UNII-6K7YS503HC component DWKPZOZZBLWFJX-ZGMKWJLTSA-L	883.21516	CCCCC(CC)COC(=O)CC(C(=O)OCC(CC)CCCC)S(=O)(=O)[O-].CCCCC(CC)COC(=O)CC(C(=O)OCC(CC)CCCC)S(=O)(=O)[O-].[Ca+2]
CIDs73416292	UNII-6K7YS503HC component DWKPZOZZBLWFJX-RPRIIHJLSA-L	883.21516	CCCCC(CC)COC(=O)CC(C(=O)OCC(CC)CCCC)S(=O)(=O)[O-].CCCCC(CC)COC(=O)CC(C(=O)OCC(CC)CCCC)S(=O)(=O)[O-].[Ca+2]
CIDs73416293	UNII-6K7YS503HC component DWKPZOZZBLWFJX-SHDJHASJSA-L	883.21516	CCCCC(CC)COC(=O)CC(C(=O)OCC(CC)CCCC)S(=O)(=O)[O-].CCCCC(CC)COC(=O)CC(C(=O)OCC(CC)CCCC)S(=O)(=O)[O-].[Ca+2]
CIDs73416294	calcium;(2R)-1,4-bis[(2S)-2-ethylhexoxy]-1,4-dioxobutane-2-sulfonate;(2S)-1,4-bis[(2S)-2-ethylhexoxy]-1,4-dioxobutane-2-sulfonate	883.21516	CCCCC(CC)COC(=O)CC(C(=O)OCC(CC)CCCC)S(=O)(=O)[O-].CCCCC(CC)COC(=O)CC(C(=O)OCC(CC)CCCC)S(=O)(=O)[O-].[Ca+2]
CIDs73416295	calcium;(2R)-1,4-bis[(2R)-2-ethylhexoxy]-1,4-dioxobutane-2-sulfonate;(2S)-1,4-bis[(2R)-2-ethylhexoxy]-1,4-dioxobutane-2-sulfonate	883.21516	CCCCC(CC)COC(=O)CC(C(=O)OCC(CC)CCCC)S(=O)(=O)[O-].CCCCC(CC)COC(=O)CC(C(=O)OCC(CC)CCCC)S(=O)(=O)[O-].[Ca+2]
CIDs73416296	calcium;(2S)-1,4-bis[(2R)-2-ethylhexoxy]-1,4-dioxobutane-2-sulfonate;(2R)-1,4-bis[(2S)-2-ethylhexoxy]-1,4-dioxobutane-2-sulfonate	883.21516	CCCCC(CC)COC(=O)CC(C(=O)OCC(CC)CCCC)S(=O)(=O)[O-].CCCCC(CC)COC(=O)CC(C(=O)OCC(CC)CCCC)S(=O)(=O)[O-].[Ca+2]
CIDs73416299	UNII-6K7YS503HC component DWKPZOZZBLWFJX-VISBSRTLSA-L	883.21516	CCCCC(CC)COC(=O)CC(C(=O)OCC(CC)CCCC)S(=O)(=O)[O-].CCCCC(CC)COC(=O)CC(C(=O)OCC(CC)CCCC)S(=O)(=O)[O-].[Ca+2]
CIDs73416300	UNII-6K7YS503HC component DWKPZOZZBLWFJX-JLLMXXIMSA-L	883.21516	CCCCC(CC)COC(=O)CC(C(=O)OCC(CC)CCCC)S(=O)(=O)[O-].CCCCC(CC)COC(=O)CC(C(=O)OCC(CC)CCCC)S(=O)(=O)[O-].[Ca+2]
CIDs73416301	UNII-6K7YS503HC component DWKPZOZZBLWFJX-BFJSBFLHSA-L	883.21516	CCCCC(CC)COC(=O)CC(C(=O)OCC(CC)CCCC)S(=O)(=O)[O-].CCCCC(CC)COC(=O)CC(C(=O)OCC(CC)CCCC)S(=O)(=O)[O-].[Ca+2]
CIDs73416302	UNII-6K7YS503HC component DWKPZOZZBLWFJX-LHJPFFSRSA-L	883.21516	CCCCC(CC)COC(=O)CC(C(=O)OCC(CC)CCCC)S(=O)(=O)[O-].CCCCC(CC)COC(=O)CC(C(=O)OCC(CC)CCCC)S(=O)(=O)[O-].[Ca+2]
CIDs73416303	calcium;(2S)-1,4-bis[(2S)-2-ethylhexoxy]-1,4-dioxobutane-2-sulfonate;(2R)-1,4-bis[(2R)-2-ethylhexoxy]-1,4-dioxobutane-2-sulfonate	883.21516	CCCCC(CC)COC(=O)CC(C(=O)OCC(CC)CCCC)S(=O)(=O)[O-].CCCCC(CC)COC(=O)CC(C(=O)OCC(CC)CCCC)S(=O)(=O)[O-].[Ca+2]
CIDs73416306	UNII-6K7YS503HC component DWKPZOZZBLWFJX-OGNUHSNGSA-L	883.21516	CCCCC(CC)COC(=O)CC(C(=O)OCC(CC)CCCC)S(=O)(=O)[O-].CCCCC(CC)COC(=O)CC(C(=O)OCC(CC)CCCC)S(=O)(=O)[O-].[Ca+2]
CIDs75203543	bis(trideuteriomethyl) (E)-but-2-enedioate	150.162291	COC(=O)C=CC(=O)OC
CIDs76283967	O1-methyl O4-(trideuteriomethyl) (E)-but-2-enedioate	147.143805	COC(=O)C=CC(=O)OC
CIDs76974673	8,8,9,9-tetradeuteriobehenic acid	344.608207	CCCCCCCCCCCCCCCCCCCCCC(=O)O
CIDs76974674	10,10,11,11-tetradeuteriolignoceric acid	372.661367	CCCCCCCCCCCCCCCCCCCCCCCC(=O)O
CIDs87229012	SCHEMBL1331019	229.363575	CCCCCCCCCCCCCC(=O)O
CIDs87229147	SCHEMBL1332010	140.616415	C[N+](C)(C)CCO.[Cl-]
CIDs87448641	SCHEMBL2868016	175.289685	C1CNCCNCCNCCN1
CIDs87559195	SCHEMBL3689610	270.489235	CCCCCCCCCCCCCCCCCCO
CIDs87581145	SCHEMBL3824521	176.295847	C1CNCCNCCNCCN1
CIDs87831014	(2Z)-hexa-2,4-dienoic acid	112.12652	CC=CC=CC(=O)O
CIDs88425083	2,2,7,7,8,8,8-heptatritiooctanoic acid	158.268205	CCCCCCCC(=O)O
CIDs89965920	1,1-dideuteriononan-1-ol	146.266824	CCCCCCCCCO
CIDs90471617	6,6,7,7-tetradeuteriononan-1-ol	148.279147	CCCCCCCCCO
CIDs90472116	344298-94-8	185.685087	CC(=O)OCC[N+](C)(C)C.[Cl-]
CIDs90472136	347841-43-4	242.210028	CC(=O)OCC[N+](C)(C)C.[Br-]
CIDs90472153	349553-87-3	259.604995	CCCCCCCCCCCCCCCO
CIDs90472154	349553-89-5	339.799513	CCCCCCCCCCCCCCCCCCCCO
CIDs90472188	5,5,6,6-tetradeuterioenanthic acid	134.209507	CCCCCCC(=O)O
CIDs90473653	1,1,2,2-tetradeuteriodecan-1-ol	162.305727	CCCCCCCCCCO
CIDs90474154	Nonanoic-2,2-d2acid	160.250344	CCCCCCCCC(=O)O
CIDs90474155	4,4-dideuteriostearic acid	286.489564	CCCCCCCCCCCCCCCCCC(=O)O
CIDs90474170	12-deuteriostearic acid	285.483402	CCCCCCCCCCCCCCCCCC(=O)O
CIDs90474390	5,5,5-trideuteriopentan-1-ol	91.166665	CCCCCO
CIDs90474391	2,2-dideuteriopentadecanoic acid	244.409824	CCCCCCCCCCCCCCC(=O)O
CIDs90475636	6,6-dideuteriomyristic acid	230.383244	CCCCCCCCCCCCCC(=O)O
CIDs91157233	stearic-d acid	285.483402	CCCCCCCCCCCCCCCCCC(=O)O
CIDs91203987	tritio hexanoate	118.166389	CCCCCC(=O)O
CIDs91233744	octanoate(d8)	152.260734	CCCCCCCC(=O)O
CIDs91555690	cerotic-12,12,13,13-d(4)-acid	400.714527	CCCCCCCCCCCCCCCCCCCCCCCCCC(=O)O
CIDs91748629	hexyl-d11 acetate	113.24254	CCCCCCO
CIDm00000379	octanoate	144.21144	CCCCCCCC(=O)O
CIDm00000581	N-acetylcysteine	163.19486	CC(=O)NC(CS)C(=O)O
CIDm00000957	octanol	130.22792	CCCCCCCCO
CIDm00002550	captopril	217.2853	CC(CS)C(=O)N1CCCC1C(=O)O
CIDm00002969	decanoate	172.2646	CCCCCCCCCC(=O)O
CIDm00003279	ethambutol	204.30976	CCC(CO)NCCNC(CC)CO
CIDm00003893	lauric acid	200.31776	CCCCCCCCCCCC(=O)O
CIDm00005251	sorbic acid	112.12652	CC=CC=CC(=O)O
CIDm00005281	stearic acid	284.47724	CCCCCCCCCCCCCCCCCC(=O)O
CIDm00006276	pentanol	88.14818	CCCCCO
CIDm00006917	polyvinylpyrrolidone	111.14176	C=CN1CCCC1=O
CIDm00008042	isopropyl myristate	270.45066	CCCCCCCCCCCCCC(=O)OC(C)C
CIDm00008094	heptanoic acid	130.18486	CCCCCCC(=O)O
CIDm00008103	hexanol	102.17476	CCCCCCO
CIDm00008129	heptanol	116.20134	CCCCCCCO
CIDm00008158	NONOate	158.23802	CCCCCCCCC(=O)O
CIDm00008174	panorama	158.28108	CCCCCCCCCCO
CIDm00008180	undecanoic acid	186.29118	CCCCCCCCCCC(=O)O
CIDm00008184	non-ethanol	172.30766	CCCCCCCCCCCO
CIDm00008193	dodecanol	186.33424	CCCCCCCCCCCCO
CIDm00008207	1-tridecanol	200.36082	CCCCCCCCCCCCCO
CIDm00008209	tetradecanol	214.3874	CCCCCCCCCCCCCCO
CIDm00008215	behenic acid	340.58356	CCCCCCCCCCCCCCCCCCCCCC(=O)O
CIDm00008221	octadecanol	270.49372	CCCCCCCCCCCCCCCCCCO
CIDm00008892	hexanoic acid	116.15828	CCCCCC(=O)O
CIDm00008907	Isopal	298.50382	CCCCCCCCCCCCCCCC(=O)OC(C)C
CIDm00008914	non-O1	144.2545	CCCCCCCCCO
CIDm00010465	heptadecanoic acid	270.45066	CCCCCCCCCCCCCCCCC(=O)O
CIDm00010467	arachidic acid	312.5304	CCCCCCCCCCCCCCCCCCCC(=O)O
CIDm00010468	pentacosanoic acid	382.6633	CCCCCCCCCCCCCCCCCCCCCCCCC(=O)O
CIDm00010469	hexacosanoic acid	396.68988	CCCCCCCCCCCCCCCCCCCCCCCCCC(=O)O
CIDm00010470	octacosanoic acid	424.74304	CCCCCCCCCCCCCCCCCCCCCCCCCCCC(=O)O
CIDm00010547	echothiophate	383.227052	CCOP(=O)(OCC)SCC[N+](C)(C)C.[I-]
CIDm00011005	myristic acid	228.37092	CCCCCCCCCCCCCC(=O)O
CIDm00011180	zinc octanoate	351.787	CCCCCCCC(=O)[O-].CCCCCCCC(=O)[O-].[Zn+2]
CIDm00011197	lignoceric acid	368.63672	CCCCCCCCCCCCCCCCCCCCCCCC(=O)O
CIDm00012215	dimethyl fumarate	144.12532	COC(=O)C=CC(=O)OC
CIDm00012397	pentadecanol	228.41398	CCCCCCCCCCCCCCCO
CIDm00012404	eicosanol	298.54688	CCCCCCCCCCCCCCCCCCCCO
CIDm00012530	tridecanoic acid	214.34434	CCCCCCCCCCCCC(=O)O
CIDm00012591	nonadecanoic acid	298.50382	CCCCCCCCCCCCCCCCCCC(=O)O
CIDm00012620	docosanol	326.60004	CCCCCCCCCCCCCCCCCCCCCCO
CIDm00013849	pentadecanoic acid	242.3975	CCCCCCCCCCCCCCC(=O)O
CIDm00014917	fluoride	20.006343	F
CIDm00015076	heptadecanol	256.46714	CCCCCCCCCCCCCCCCCO
CIDm00016898	heneicosanoic acid	326.55698	CCCCCCCCCCCCCCCCCCCCC(=O)O
CIDm00017085	tricosanoic acid	354.61014	CCCCCCCCCCCCCCCCCCCCCCC(=O)O
CIDm00019255	lacceroic acid	480.84936	CCCCCCCCCCCCCCCCCCCCCCCCCCCCCCCC(=O)O
CIDm00064963	1,4,7,10-tetraazacyclododecane	172.2712	C1CNCCNCCNCCN1
CIDm00068406	octacosanol	410.75952	CCCCCCCCCCCCCCCCCCCCCCCCCCCCO
CIDm00068972	triacontanol	438.81268	CCCCCCCCCCCCCCCCCCCCCCCCCCCCCCO
CIDm00157921	Metvix	181.61738	COC(=O)CCC(=O)CN.Cl
CIDm00159250	strontium chloride hexahydrate	266.61768	O.O.O.O.O.O.[Cl-].[Cl-].[Sr+2]
CIDm00188318	1,4,7-triazacyclononane	129.2034	C1CNCCNCCN1
CIDm00410087	PVP-I	364.9507	C=CN1CCCC1=O.II
CIDm05282597	heptatriacontanoic acid	550.98226	CCCCCCCCCCCCCCCCCCCCCCCCCCCCCCCCCCCCC(=O)O
CIDm05282737	12-tridecenoic acid	212.32846	C=CCCCCCCCCCCC(=O)O
CIDm06433082	hexaminolevulinate	251.75028	CCCCCCOC(=O)CCC(=O)CN.Cl
CIDm10130405	5-aminolaevulinic acid-n-pentylester	201.26276	CCCCCOC(=O)CCC(=O)CN
CIDm10220462	octyl 5-amino-4-oxo-pentanoate	243.3425	CCCCCCCCOC(=O)CCC(=O)CN
