Feature,Importance
RRN3,0.049108809698547244
AMH,0.03379946095057828
TTL,0.028376617406159998
TASP1,0.026615087184876967
NTSR2,0.02504973277126892
KDR,0.024190834661177503
LHCGR,0.02381157138114987
NTS,0.023261502385821003
GNRH1,0.021546453109827873
NTSR1,0.019808673484857712
DCTN5,0.01950432263332617
KIR3DL1,0.019351768607110076
PIGT,0.01829508886857226
CSF3,0.01755858652259773
KCTD9,0.01686825906980275
TUBB4B,0.0158274776540623
FLT4,0.01547552098374364
ZNF622,0.014342855524721686
GLUL,0.012146365375834687
SHC4,0.011364046071586524
FGFR1,0.010687447086957451
TYR,0.010018399112210693
ADHFE1,0.009786365679021287
MAP4,0.00963258873295847
SPI1,0.009436967027871881
HTR1F,0.008787596300569913
PMAIP1,0.008773714067960382
PFAS,0.00812369850127064
ERBB2,0.008050462894125724
TRAF3IP3,0.00768944619983682
HTR5A,0.007641883253845467
TAF3,0.007477711891586443
CASP3,0.007450642039760846
PRLH,0.006563945856909698
DHFR,0.00608815951702482
HTR1B,0.005956673637381167
CAPG,0.005908528875602949
VIL1,0.0057476130804217165
DCTN6,0.0057020005453607345
IRS1,0.005619329223587849
PRSS1,0.005596112234395236
VILL,0.005538266630211873
ALDH2,0.005513503391505264
ERAP1,0.005425752476174889
DBH,0.005278841643437926
HTR1E,0.005278547919959172
PSMD11,0.005111574056000019
DLD,0.005065676728420081
GOT1,0.004845245975276711
ADCY10,0.004737696491868692
MRPS16,0.004536352279276647
GH1,0.004322839880458136
IDUA,0.004298731752680752
SEC61A2,0.004203440160523707
PSMB7,0.004090328029089512
KCNA5,0.004035041010771238
NLE1,0.003970119134685237
LILRB1,0.003945263625584018
NPEPPS,0.003934408258704464
TRUB1,0.0037754968334436606
MAPT,0.003768091029557615
ALDH7A1,0.0037050331369669997
HTR7,0.003662406235863965
GTF3A,0.0036350305194536364
ALDH1A1,0.003631887648147969
PLPP3,0.003523678295168617
PSMA3,0.0033939545201093
DPH1,0.0033305023611787006
TNF,0.0031820269713061225
ALDH16A1,0.0031802843516841417
MB,0.003178093963207588
STMN2,0.003155747405429993
RXFP2,0.003098312583555406
HLA-B,0.003038988944996521
ALDH9A1,0.002985715855615979
BLMH,0.00287426476847786
PSMD13,0.002864093225076092
GCG,0.0028140731808587137
PPP1R3B,0.0027988561229616202
GSN,0.002787278043889297
AGFG1,0.0027423886505787485
ADRB2,0.0027368951288130666
RRM1,0.002734525076605912
PSMD14,0.0027244204482303803
MPEG1,0.0027234795079173414
FOXP3,0.00268768325153699
GOT2,0.0026838649590221865
APOA4,0.0026776061596132145
CASP8,0.0026672803903028263
ALDH1A2,0.0026410034837563573
SI,0.0026313759486185804
CXCR4,0.0026144281254159474
PRKG2,0.002608982947584231
ACO1,0.0026048481466181468
GPAA1,0.002378266605734256
PSMC1,0.0023778466671162918
CXCL8,0.0023718607940621562
UTS2R,0.002367181737419294
TOP1MT,0.0022426894299114567
SLC2A2,0.002195393784176206
KLLN,0.0021897108858866025
TYMS,0.0021352010899289477
DPH5,0.0020972285273860272
ASPA,0.002093033815352083
TP53,0.002085655872691954
RPS29,0.0020199231148352306
PTPN13,0.001995114363336852
MTR,0.0019905763352842287
HINT1,0.0019650111565291777
TNFRSF6B,0.0019602547528096296
EGFR,0.0019552772710872573
ODC1,0.0019441405442760888
PSMB5,0.0019417855463791768
PSMD3,0.0019347410318328669
HPR,0.001928040742159377
PAH,0.0019100270627321466
PSMD2,0.0019031702536688529
PDIA3,0.0018898889333842138
PRKG1,0.0018785283204363211
MRPL46,0.0018611675172393895
KCNH2,0.0018546785684452616
CDK9,0.0018473494466100043
LEF1,0.0018412504443388214
ITGAL,0.001831115096679859
CYP3A5,0.0018107535278895923
PSMD7,0.0018003711269840136
EIF4EBP1,0.0017591194566431974
PSMB6,0.001752229373568405
SRSF1,0.0017311658697641143
LVRN,0.0016765635991667484
MAPK3,0.0016588354623018082
PSMD5,0.0016577231196817674
ASPG,0.0016294340157417125
PSMD10,0.0016118510924581773
PSME2,0.0015873264656191485
SAG,0.0015820472045940134
CDKN2B,0.0015811120803714677
LAMP2,0.0015668909316084658
CYP2B6,0.0015562381918938592
CCND1,0.001538405443843297
RPS2,0.001526534934585672
CYP2C19,0.0014983876474264535
CD34,0.001497764616334358
PYGL,0.0014905200175766493
HERPUD1,0.0014788514147415172
ADRB1,0.0014750694709151717
UBA52,0.0014711523712849946
TH,0.001465587908287043
GET4,0.0014549665147273944
MICB,0.0014234540510493102
ITM2A,0.0013707464203438454
MAPK1,0.0013674341612044936
PSMA5,0.0013481301099281739
GYS1,0.0013232692402217886
RPS11,0.0013193344174712383
EEF2,0.001316957701334191
SST,0.001312933305515165
ERCC1,0.0013096952509431539
PLD2,0.0013072462622972425
MRPS10,0.0012985908974560538
NUDT14,0.0012747069569798931
DRD2,0.001264797327416521
PARP1,0.0012632348940898293
ALB,0.0012560577353168984
SRSF9,0.0012503515412756723
IFFO2,0.001244634524752511
LEP,0.0012276801568772964
PSMA6,0.0012189549660719084
SHMT2,0.0012065079310636952
PSMB2,0.001201332397204775
GYG2,0.0012013275659744568
ATM,0.0011972639176395326
MIPEP,0.0011918537519892986
HIF1AN,0.0011584807515786003
SLC39A6,0.001152900516050739
HMX1,0.0011501083004905259
MRPS18C,0.0011362242437278432
NFE2L2,0.001126604994654003
DRD5,0.0011194559034133625
PLPP2,0.0011170497740676706
GALK1,0.001116405316086003
TOP1,0.0010974412579728842
MGAM,0.0010887239685423377
PRDM10,0.0010724779301223043
ARRB1,0.0010544443850953444
PON1,0.0010396036447653818
BUB1,0.0010369702609572106
RGS17,0.0010328467331860948
MKI67,0.0010294466492595381
AVIL,0.00102227076763406
PRSS27,0.001019965601372661
RAC2,0.0010178044112212094
CPA4,0.0010172957041758779
RPS6,0.0009881955094300423
ACY3,0.0009800899056974818
LTA,0.0009788509445363231
SSX1,0.0009772018728615372
PCK2,0.0009627313147769817
GRHPR,0.0009544537095276968
MAPK13,0.0009399062822122691
TNFRSF13C,0.0009375051150198378
MYL2,0.0009280439284211644
CHRM1,0.0009035720922240506
DCK,0.0008945940756289397
SPO11,0.0008899511301835847
TP53INP1,0.0008882440801722388
ADRB3,0.0008763772795926203
GAL,0.0008736591070110281
FSHR,0.0008657058284347861
BUB3,0.0008582856793445111
FAT4,0.0008578005739923689
HDC,0.0008515602134301506
SCIN,0.0008336234240767624
MAPKBP1,0.0008310667286664286
DPYD,0.0008306909116359506
ALDH5A1,0.0008260575971012862
GNMT,0.0008240714045354856
TGFB1,0.0008181610964778962
TPH2,0.0008179295816280316
ADRA2C,0.0008048410557445499
DHRSX,0.0008008105830317067
STBD1,0.0007857634434187921
LRRN2,0.000778150592517674
MAGEA2B,0.0007224047476771773
G6PD,0.000717024781933528
GADD45A,0.0007129882332091603
ATIC,0.0007102566884303391
CCNE1,0.0007048745737551125
CMPK1,0.0006967556155872824
SLC6A3,0.0006892041425110075
ADRA1D,0.0006886206155552035
MAPRE1,0.0006880177475260098
PLEKHG4,0.0006715572988598833
CASP9,0.000667926303851598
CYP2C8,0.0006558381416612649
NRP1,0.0006360472805684886
CHRM4,0.000634256524259942
HMOX1,0.000629007902849141
ID3,0.0006242247833866707
AICDA,0.0006184467900967875
TCN2,0.0006073873274157648
CAT,0.0006057908808655344
RDH13,0.0005966868685079057
MAP2K6,0.0005949710302573561
BDKRB1,0.0005940802695915422
TMPRSS11D,0.0005940715422464697
FAM126A,0.000591451467286977
PRLHR,0.0005905361125512729
THBD,0.0005899325442275381
NOS3,0.000586887682757791
MSH2,0.0005713347940107096
ADRA1B,0.0005685527885460415
CASP7,0.0005665841843972174
ADRA1A,0.0005627202208601535
BCHE,0.0005516465372701549
TUBB,0.0005398902849956212
BRCA1,0.0005270544273668251
CYP1A2,0.0005179406191957483
PTK2,0.0005033581923304531
HMGN5,0.0004985545250734845
G6PC3,0.0004982838428168012
CYP51A1,0.0004972597969294268
STAT3,0.0004815169724804753
YBX1,0.000476473088936084
GNRHR,0.00046677606959087936
CAV1,0.000449288240750636
CHRM3,0.00043163022237077827
MMP9,0.00041916882122644723
HTR1A,0.00038643795254895454
ACHE,0.0003708856084487778
SERPINE1,0.00033219084894511446
CDK7,0.00032200654541578475
NR1I2,0.0003210620586015178
HTR6,0.0002690186203300397
KRAS,0.00026136105961470086
OPRM1,0.0002587273968695651
MAPK4,0.0002582801619989175
PLAT,0.00025052972116311917
ACTR1A,0.00024999212863750423
CYP2C9,0.00024048442500811072
HRH1,0.00023331197789525814
IGHMBP2,0.0001924522196286931
MAPK11,0.00018789319924707726
HTR2C,0.00017888147019298073
PGR,0.0001752350268479802
DRD3,0.00016852693016553737
COLQ,0.00016632688338534798
CALR,0.00016428933859263922
PDIA5,0.00014440210161548742
CEP250,0.0001424490186475153
PRL,0.0001373006725003099
TOP2A,0.00013552396939423605
CDK2,0.00012322498156331694
LGALS4,0.00011117516078564513
UMPS,0.00010523229474834762
TWF1,9.70598870607936e-05
MAT2A,9.583586277503418e-05
HPGDS,9.007211697528519e-05
REN,8.863985371345993e-05
HTR2B,7.873830580293159e-05
SLC6A4,7.427936539947658e-05
CYP3A7,7.052420283230773e-05
APCS,6.361148546597892e-05
SCN5A,5.881169808789281e-05
MAP2K3,4.3881908778565634e-05
MBL2,3.29837332045815e-05
SLC7A5,3.258774236117955e-05
LDHA,3.117308696386893e-05
ALDH1A3,2.9315324187418477e-05
ANPEP,2.2314437974793226e-05
NLN,1.5559390371988778e-05
DPH2,1.4481721335885497e-05
AGMAT,1.3695014241801366e-05
F8VP50_HUMAN,1.1610536460990819e-05
PSMD8,9.279299620515991e-06
MAPK15,8.389689387013047e-06
SLC6A11,6.339446218445916e-06
SLC6A16,5.424320916952634e-06
SLC6A20,4.192275036243918e-06
GSTA2,3.673559355945987e-06
NAT1,3.362474897138668e-06
NAALAD2,2.9174089899403405e-06
PNKP,2.649860179282858e-06
MGMT,2.61572799083253e-06
HELQ,2.3203674109009894e-06
RPS13,1.91716007981341e-06
SLC7A8,1.6378714866144573e-06
PRSS8,1.4601745200242835e-06
PCCB,1.0593162133487667e-06
AVPR1A,6.310739982987049e-07
PLA2G10,0.0
PLA2G15,0.0
PLA2G1B,0.0
PLA2G2C,0.0
PLA2G2D,0.0
PARVB,0.0
PAX1,0.0
PIM1,0.0
PLA2G4A,0.0
PLA2G2E,0.0
PAX3,0.0
PLA2G2F,0.0
PIM2,0.0
PINK1,0.0
PKM,0.0
PKP3,0.0
PKD2,0.0
PIP,0.0
PIP4K2C,0.0
PIP5K1A,0.0
PDP2,0.0
PCCA,0.0
PIPOX,0.0
PIRT,0.0
PITHD1,0.0
PIN1,0.0
PCBD1,0.0
PCDH10,0.0
PITRM1,0.0
PIWIL1,0.0
PKD1,0.0
PBX2,0.0
PDLIM4,0.0
PKDCC,0.0
PKHD1,0.0
PKLR,0.0
PINX1-2,0.0
PDP1,0.0
PKN1,0.0
PIM3,0.0
PAXIP1,0.0
PKN2,0.0
PDGFA,0.0
PDGFB,0.0
PAX7,0.0
PKN3,0.0
PKP2,0.0
PARVA,0.0
PEX11A,0.0
PARS2,0.0
PLEK,0.0
PLCD4,0.0
PLCG1,0.0
PLCH1,0.0
PLCH2,0.0
PDHB,0.0
PLCL1,0.0
PLCZ1,0.0
PDHX,0.0
PLD1,0.0
PARL,0.0
PARK7,0.0
PARG,0.0
PLD6,0.0
PLEC,0.0
PLEK2,0.0
PLA2G4B,0.0
PLEKHA1,0.0
PLEKHA3,0.0
PLEKHA6,0.0
PLEKHG3,0.0
PLEKHM3,0.0
PAQR7,0.0
PAPSS2,0.0
PDILT,0.0
PLEKHO1,0.0
PDIA2,0.0
PLG,0.0
PLIN1,0.0
PLIN2,0.0
PLIN3,0.0
PARM1,0.0
PLCD1,0.0
PARN,0.0
PDHA2,0.0
PDK4,0.0
PLA2G4D,0.0
PLA2G4E,0.0
PLA2G5,0.0
PARP9,0.0
PARP4,0.0
PARP3,0.0
PLA2G6,0.0
PLA2G7,0.0
PARP2,0.0
PDGFC,0.0
PLA2R1,0.0
PCDH18,0.0
PLAA,0.0
PLAAT4,0.0
PARP15,0.0
PLAG1,0.0
PDGFRA,0.0
PARP14,0.0
PLAU,0.0
PLAUR,0.0
PDK2,0.0
PDGFRB,0.0
PARP12,0.0
PDHA1,0.0
PLBD1,0.0
PLBD2,0.0
PLCB1,0.0
PLCB2,0.0
PILRA,0.0
PDSS1,0.0
PIK3R4,0.0
PGPEP1,0.0
PDCD4,0.0
PDCD5,0.0
PGD,0.0
PELP1,0.0
PDCD6,0.0
PDCD6IP,0.0
PGC,0.0
PDCL,0.0
PDE7A,0.0
PGAM5,0.0
PDCL2,0.0
PDCL3,0.0
PDE6C,0.0
PDE11A,0.0
PEMT,0.0
PGF,0.0
PDCD2,0.0
PGGHG,0.0
PGLYRP4,0.0
PGM3,0.0
PGM2L1,0.0
PEF1,0.0
PGM2,0.0
PGM1,0.0
PDCD1,0.0
PDCD1LG2,0.0
PGGT1B,0.0
PGLYRP3,0.0
PGLYRP1,0.0
PGLS,0.0
PELO,0.0
PGK2,0.0
PGK1,0.0
PGAM4,0.0
PEPD,0.0
PGAM2,0.0
PDE3B,0.0
PEX5L,0.0
PEX3,0.0
PEX2,0.0
PDE2A,0.0
PEX19,0.0
PDE3A,0.0
PDE4C-2,0.0
PF4,0.0
PEX14,0.0
PDE4D,0.0
PDE5A,0.0
PER2,0.0
PDE6A,0.0
PEX11G,0.0
PDE6B,0.0
PDE1C,0.0
PGAM1,0.0
PFN2,0.0
PGA5,0.0
PGA4,0.0
PER1,0.0
PGA3,0.0
PFN4,0.0
PDE1B,0.0
PFN1,0.0
PFDN2,0.0
PFKP,0.0
PFKL,0.0
PLK1,0.0
PFKFB2,0.0
PFKFB1,0.0
PFDN4,0.0
PGP,0.0
PGPEP1L,0.0
PIK3R3,0.0
PCYT2,0.0
PCMTD1,0.0
PIGL,0.0
PCMTD2,0.0
PIGA,0.0
PIEZO1,0.0
PIDD1,0.0
PI3,0.0
PDSS2,0.0
PDE9A,0.0
PI15,0.0
PHYKPL,0.0
PHYH,0.0
PHPT1,0.0
PHOX2B,0.0
PHOSPHO1,0.0
PCM1,0.0
PCLO,0.0
PDF,0.0
PCK1,0.0
PIK3R2,0.0
PIK3CD,0.0
PIK3CA,0.0
PCDH8,0.0
PIK3C3,0.0
PCDHA6,0.0
PDPK1,0.0
PIGR,0.0
PDPR,0.0
PIK3C2A,0.0
PIH1D2,0.0
PIH1D1,0.0
PCLAF,0.0
PEX11B,0.0
PCP2,0.0
PHLPP1,0.0
PHLDA1,0.0
PCSK9,0.0
PHF13,0.0
PEBP4,0.0
PHEX,0.0
PECR,0.0
PHB2,0.0
PCSK7,0.0
PCYOX1,0.0
PEBP1,0.0
PHACTR2,0.0
PDE7B,0.0
PHACTR1,0.0
PCYT1A,0.0
PGRMC1,0.0
PCYT1B,0.0
PDE8B,0.0
PCSK5,0.0
PDX1,0.0
PHF8,0.0
PHKG2,0.0
PHKB,0.0
PHKA2,0.0
PCP4,0.0
PHKA1,0.0
PCSK1,0.0
PHF6,0.0
PDXP,0.0
PHF5A,0.0
PHF20,0.0
PCSK2,0.0
PHF2,0.0
PCSK4,0.0
PDXK,0.0
PFKFB4,0.0
AAAS,0.0
PLK4,0.0
PLLP,0.0
PTDSS1,0.0
PTCH2,0.0
PTCH1,0.0
PTBP1,0.0
PSME4,0.0
PSME3,0.0
PSME1,0.0
PSMD9,0.0
PSMD12,0.0
PSMD1,0.0
PSMC5,0.0
PSMC4,0.0
PSMC3IP,0.0
PSMB9,0.0
PSMB8,0.0
PSMB4,0.0
PSMB11,0.0
PSMB10,0.0
PSMB1,0.0
PSMA8,0.0
PSMA7,0.0
PTDSS2,0.0
PTEN,0.0
PTGDR,0.0
PTGS1,0.0
PTPN2,0.0
PTPN18,0.0
PTPN14,0.0
PTPN12,0.0
PTPN1,0.0
PTN,0.0
PTH2R,0.0
PTH2,0.0
PTGS2,0.0
PTGIS,0.0
PTGDR2,0.0
PTGIR,0.0
PTGFR,0.0
PTGES2,0.0
PTGES,0.0
PTGER4,0.0
PTGER3,0.0
PTGER2,0.0
PTGER1,0.0
PTGDS,0.0
PSMA4,0.0
PSMA2,0.0
PSMA1,0.0
PRPF38A,0.0
PRSS12,0.0
PRRX2,0.0
PRRX1,0.0
PRRC2C,0.0
PRR3,0.0
PRR13,0.0
PRPS1,0.0
PRPH2,0.0
PRPF4,0.0
PRPF31,0.0
PRSS22,0.0
PRPF19,0.0
PROS1,0.0
PROP1,0.0
PROKR2,0.0
PROKR1,0.0
PROK2,0.0
PROK1,0.0
PRODH2,0.0
PRODH,0.0
PRSS21,0.0
PRSS3,0.0
PSKH2,0.0
PRTFDC1,0.0
PSKH1,0.0
PSEN2,0.0
PSEN1,0.0
PSAT1,0.0
PSAP,0.0
PRX,0.0
PRUNE1,0.0
PRTN3,0.0
PRTG,0.0
PRSS58,0.0
PRSS33,0.0
PRSS55,0.0
PRSS54,0.0
PRSS53,0.0
PRSS50,0.0
PRSS48,0.0
PRSS45P,0.0
PRSS38,0.0
PRSS37,0.0
PRSS36,0.0
PTPN20,0.0
PTPN22,0.0
PTPN23,0.0
RAB17,0.0
RAB33A,0.0
RAB2A,0.0
RAB28,0.0
RAB25,0.0
RAB24,0.0
RAB22A,0.0
RAB20,0.0
RAB1B,0.0
RAB1A,0.0
RAB14,0.0
RAB37,0.0
RAB13,0.0
RAB11FIP5,0.0
RAB11FIP1,0.0
RAB11A,0.0
R3HDML,0.0
QTRT1,0.0
QSOX2,0.0
QSOX1,0.0
QRSL1,0.0
RAB33B,0.0
RAB3A,0.0
QPRT,0.0
RAC3,0.0
RAD52,0.0
RAD51D,0.0
RAD51C,0.0
RAD23B,0.0
RAD23A,0.0
RAD21L1,0.0
RAD21,0.0
RAD18,0.0
RACK1,0.0
RAC1,0.0
RAB40B,0.0
RABL6,0.0
RABGGTB,0.0
RABAC1,0.0
RAB7A,0.0
RAB6A,0.0
RAB5B,0.0
RAB5A,0.0
RAB4A,0.0
RAB43,0.0
QRFPR,0.0
QPCTL,0.0
PTPN3,0.0
PTPRJ,0.0
PTX3,0.0
PTS,0.0
PTRH1,0.0
PTPRZ1,0.0
PTPRU,0.0
PTPRR,0.0
PTPRO,0.0
PTPRN2,0.0
PTPRN,0.0
PTPRH,0.0
PUF60,0.0
PTPRG,0.0
PTPRF,0.0
PTPRE,0.0
PTPRB,0.0
PTPRA,0.0
PTPN7,0.0
PTPN6,0.0
PTPN5,0.0
PTPN4,0.0
PUDP,0.0
PUM1,0.0
QPCT,0.0
PYCR2,0.0
QDPR,0.0
QARS1,0.0
PYY,0.0
PYM1,0.0
PYGO2,0.0
PYGO1,0.0
PYGM,0.0
PYGB,0.0
PYCR3,0.0
PXDNL,0.0
PUM2,0.0
PXDN,0.0
PWWP2B,0.0
PWP2,0.0
PVR,0.0
PVALB,0.0
PUS7L,0.0
PUS3,0.0
PUS10,0.0
PUS1,0.0
PROCR,0.0
PROC,0.0
PROB1,0.0
POLR3A,0.0
POTEB,0.0
POSTN,0.0
PORCN,0.0
POR,0.0
POP5,0.0
POP4,0.0
PON3,0.0
POLR3K,0.0
POLR3B,0.0
POLR2L,0.0
POTEC,0.0
POLR2K,0.0
POLR2J,0.0
POLR2I,0.0
POLR2C,0.0
POLR1D,0.0
POLR1A,0.0
POLQ,0.0
POLK,0.0
POLI,0.0
POTEB2,0.0
POTED,0.0
POLG2,0.0
PPARD,0.0
PPEF2,0.0
PPEF1,0.0
PPCS,0.0
PPCDC,0.0
PPBP,0.0
PPAT,0.0
PPARGC1B,0.0
PPARGC1A,0.0
PPARG,0.0
PPA2,0.0
PAPPA,0.0
PPA1,0.0
PP2D1,0.0
POU5F1,0.0
POU2F2,0.0
POU2F1,0.0
POTEJ,0.0
POTEI,0.0
POTEH,0.0
POTEE,0.0
POLH,0.0
POLE,0.0
PPFIBP2,0.0
PLXNA3,0.0
PMM1,0.0
PML,0.0
PMEPA1,0.0
PMCH,0.0
PM20D2,0.0
PM20D1,0.0
PLXND1,0.0
PLXNB3,0.0
PLXNB2,0.0
PLXNA2,0.0
PMP2,0.0
PLXNA1,0.0
PLXDC2,0.0
PLPP5,0.0
PLPP4,0.0
PLPP1,0.0
PLOD3,0.0
PLOD2,0.0
PLOD1,0.0
PLN,0.0
PMM2,0.0
PMP22,0.0
POLD4,0.0
PNOC,0.0
POLB,0.0
POFUT1,0.0
POC1B-GALNT4,0.0
PNPLA8,0.0
PNPLA7,0.0
PNPLA6,0.0
PNPLA3,0.0
PNPLA2,0.0
PNP,0.0
PNN,0.0
PMPCA,0.0
PNMT,0.0
PNMA8B,0.0
PNLIP,0.0
PNKD,0.0
PNCK,0.0
PMVK,0.0
PMS2,0.0
PMS1,0.0
PMPCB,0.0
PPFIBP1,0.0
PPIA,0.0
PRMT8,0.0
PRDX3,0.0
PRIM1,0.0
PRG4,0.0
PRG3,0.0
PRG2,0.0
PRELP,0.0
PREB,0.0
PRDX6,0.0
PRDX5,0.0
PRDX4,0.0
PRDX2,0.0
PRKAA2,0.0
PRDX1,0.0
PRDM9,0.0
PRDM2,0.0
PRDM16,0.0
PRDM1,0.0
PPWD1,0.0
PPTC7,0.0
PPT2,0.0
PPRC1,0.0
PRKAA1,0.0
PRKAB2,0.0
PPP5C,0.0
PRKCH,0.0
PRMT7,0.0
PRMT6,0.0
PRMT5,0.0
PRMT1,0.0
PRKX,0.0
PRKN,0.0
PRKDC,0.0
PRKCZ,0.0
PRKCQ,0.0
PRKCG,0.0
PRKACA,0.0
PRKCE,0.0
PRKCD,0.0
PRKCA,0.0
PRKAR2B,0.0
PRKAR2A,0.0
PRKAG2,0.0
PRKAG1,0.0
PRKACG,0.0
PRKACB,0.0
PPP5D1,0.0
PPP4R1,0.0
PPIC,0.0
PPM1D,0.0
PPP1R14C,0.0
PPP1R13L,0.0
PPP1R12C,0.0
PPP1R10,0.0
PPP1CA,0.0
PPM1N,0.0
PPM1L,0.0
PPM1F,0.0
PPM1E,0.0
PPM1B,0.0
PPP1R16B,0.0
PPM1A,0.0
PPIL6,0.0
PPIL4,0.0
PPIL3,0.0
PPIH,0.0
PPIG,0.0
PPIF,0.0
PPIE,0.0
PPID,0.0
PPP1R16A,0.0
PPP1R1B,0.0
PPP4C,0.0
PPP2R2A,0.0
PPP3R1,0.0
PPP3CB,0.0
PPP3CA,0.0
PPP2R5E,0.0
PPP2R5D,0.0
PPP2R5C,0.0
PPP2R5B,0.0
PPP2R5A,0.0
PPP2R3B,0.0
PPP2R1B,0.0
PPP1R26,0.0
PPP2R1A,0.0
PPP2CB,0.0
PPP2CA,0.0
PPP1R9A,0.0
PPP1R8,0.0
PPP1R3D,0.0
PPP1R3C,0.0
PPP1R3A,0.0
PPP1R27,0.0
PAPSS1,0.0
ONECUT1,0.0
PAPOLG,0.0
MRPL1,0.0
MRGPRX4,0.0
MRGPRX3,0.0
MRGPRX2,0.0
MRGPRX1,0.0
MRGPRD,0.0
MRE11,0.0
MRC2,0.0
MRAS,0.0
MPPED2,0.0
MPPED1,0.0
MPP7,0.0
MPP6,0.0
MPP5,0.0
MPP4,0.0
MPP1,0.0
MPO,0.0
MPL,0.0
MPI,0.0
MPHOSPH8,0.0
MPG,0.0
MPC2,0.0
MRM3,0.0
MRPL11,0.0
MICAL2,0.0
MRPL13,0.0
MRPS26,0.0
MRPS18A,0.0
MRPS15,0.0
MRPS14,0.0
MRPS11,0.0
MRPL49,0.0
MRPL39,0.0
MRPL38,0.0
MRPL34,0.0
MRPL33,0.0
MRPL32,0.0
MRPL3,0.0
MRPL27,0.0
MRPL24,0.0
MRPL22,0.0
MRPL20,0.0
MRPL2,0.0
MRPL19,0.0
MRPL17,0.0
MRPL16,0.0
MRPL15,0.0
MPC1,0.0
MOSPD2,0.0
MOS,0.0
MOK,0.0
MMD,0.0
MMACHC,0.0
MMAB,0.0
MLYCD,0.0
MLXIPL,0.0
MLXIP,0.0
MLNR,0.0
MLN,0.0
MLLT3,0.0
MLKL,0.0
MLH3,0.0
MLH1,0.0
MKNK2,0.0
MITD1,0.0
MISP,0.0
MIOX,0.0
MINPP1,0.0
MINK1,0.0
MINDY3,0.0
MIF,0.0
MIER1,0.0
MMEL1,0.0
MMP1,0.0
MMP10,0.0
MMP27,0.0
MOGAT1,0.0
MOCS3,0.0
MOCS2,0.0
MOCOS,0.0
MN1,0.0
MMUT,0.0
MMP8,0.0
MMP7,0.0
MMP3,0.0
MMP25,0.0
MMP11,0.0
MMP24,0.0
MMP20,0.0
MMP2,0.0
MMP19,0.0
MMP17,0.0
MMP16,0.0
MMP15,0.0
MMP14,0.0
MMP13,0.0
MRPS31,0.0
MRPS5,0.0
MRPS6,0.0
MTUS1,0.0
MYH7,0.0
MYH4,0.0
MYH15,0.0
MYH11,0.0
MYH1,0.0
MYCN,0.0
MYBPH,0.0
MYBL2,0.0
MYBL1,0.0
MYB,0.0
MXRA5,0.0
MXD3,0.0
MX2,0.0
MVK,0.0
MVD,0.0
MUSK,0.0
MUS81,0.0
MUL1,0.0
MUC6,0.0
MUC5B,0.0
MUC4,0.0
MYH8,0.0
MYH9,0.0
MYL1,0.0
MYO1D,0.0
MYO9A,0.0
MYO7A,0.0
MYO6,0.0
MYO5C,0.0
MYO5B,0.0
MYO5A,0.0
MYO3B,0.0
MYO1G,0.0
MYO1E,0.0
MYO18A,0.0
MYL10,0.0
MYO10,0.0
MYLPF,0.0
MYLK4,0.0
MYLK3,0.0
MYLK,0.0
MYL9,0.0
MYL7,0.0
MYL5,0.0
MYL4,0.0
MUC16,0.0
MTRNR2L12,0.0
MRPS7,0.0
MTPN,0.0
MT-CO2,0.0
MT-CO1,0.0
MT-ATP6,0.0
MSX2,0.0
MSTN,0.0
MST1R,0.0
MST1,0.0
MSRB1,0.0
MSRA,0.0
MSN,0.0
MSMO1,0.0
MSL3,0.0
MSL2,0.0
MSH6,0.0
MSH3,0.0
MS4A3,0.0
MS4A2,0.0
MS4A13,0.0
MRTO4,0.0
MRRF,0.0
MRPS9,0.0
MT-CO3,0.0
MT-CYB,0.0
MT-ND1,0.0
MTF1,0.0
MTPAP,0.0
MTOR,0.0
MTNR1B,0.0
MTNR1A,0.0
MTIF2,0.0
MTHFD2L,0.0
MTHFD2,0.0
MTFMT,0.0
MTF2,0.0
MTERF1,0.0
MT-ND2,0.0
MTDH,0.0
MTBP,0.0
MTA1,0.0
MT4,0.0
MT3,0.0
MT2A,0.0
MT1X,0.0
MT1A,0.0
MT-ND5,0.0
MICAL3,0.0
MIB1,0.0
PAPOLB,0.0
MAP2K2,0.0
MAP2,0.0
MAP1LC3C,0.0
MAP1LC3A,0.0
MAP1B,0.0
MAP1A,0.0
MAOB,0.0
MAOA,0.0
MANEA,0.0
MAN2B2,0.0
MAN2B1,0.0
MAN2A1,0.0
MAN1C1,0.0
MAN1B1,0.0
MAN1A2,0.0
MAN1A1,0.0
MALSU1,0.0
MALL,0.0
MAL,0.0
MAGOHB,0.0
MAGOH,0.0
MAGEA1,0.0
MAP2K1,0.0
MAP2K5,0.0
MGP,0.0
MAP3K1,0.0
MARK3,0.0
MARK2,0.0
MARC2,0.0
MAPRE3,0.0
MAPKAPK2,0.0
MAPK7,0.0
MAPK6,0.0
MAPK12,0.0
MAP4K5,0.0
MAP4K3,0.0
MAP4K2,0.0
MAP3K9,0.0
MAP3K7,0.0
MAP3K5,0.0
MAP3K4,0.0
MAP3K3,0.0
MAP3K21,0.0
MAP3K20,0.0
MAP3K13,0.0
MAP3K11,0.0
MAP3K10,0.0
MAG,0.0
MAFB,0.0
MAF,0.0
MAEA,0.0
LUM,0.0
LTK,0.0
LTF,0.0
LTC4S,0.0
LTBP4,0.0
LTA4H,0.0
LSM6,0.0
LSM1,0.0
LRWD1,0.0
LRTOMT,0.0
LRTM1,0.0
LRRTM3,0.0
LRRTM2,0.0
LRRTM1,0.0
LRRN4,0.0
LRRN1,0.0
LRRK2,0.0
LRRK1,0.0
LRRIQ4,0.0
LRRFIP1,0.0
LRRD1,0.0
LXN,0.0
LY75-CD302,0.0
LY96,0.0
M6PR,0.0
MADD,0.0
MADCAM1,0.0
MAD2L2,0.0
MAD2L1,0.0
MACROH2A2,0.0
MACROH2A1,0.0
MACROD2,0.0
MACROD1,0.0
MACF1,0.0
M0R2P5_HUMAN,0.0
LYL1,0.0
M0R2N6_HUMAN,0.0
M0QYV0_HUMAN,0.0
M0QYT0_HUMAN,0.0
LZTFL1,0.0
LYZ,0.0
LYST,0.0
LYRM4,0.0
LYPD1,0.0
LYN,0.0
MARK4,0.0
MARS1,0.0
MARS2,0.0
MED14,0.0
MEMO1,0.0
MELTF,0.0
MELK,0.0
MEIS1,0.0
MEFV,0.0
MEF2D,0.0
MED9,0.0
MED8,0.0
MED7,0.0
MED4,0.0
MED31,0.0
MED30,0.0
MED27,0.0
MED26,0.0
MED25,0.0
MED23,0.0
MED21,0.0
MED20,0.0
MED18,0.0
MED17,0.0
MED16,0.0
MEN1,0.0
MEOX1,0.0
MEOX2,0.0
MFAP4,0.0
MGLL,0.0
MGAT4B,0.0
MGAT2,0.0
MGAM2,0.0
MGA,0.0
MFSD2A,0.0
MFNG,0.0
MFHAS1,0.0
MFGE8,0.0
METTL7B,0.0
MEP1B,0.0
METTL27,0.0
METTL21C,0.0
METTL15,0.0
METTL1,0.0
METAP2,0.0
METAP1D,0.0
METAP1,0.0
MET,0.0
MERTK,0.0
MED15,0.0
MED13L,0.0
MAS1L,0.0
MED13,0.0
MCEE,0.0
MCCC1,0.0
MCAT,0.0
MCAM,0.0
MC4R,0.0
MC3R,0.0
MC2R,0.0
MC1R,0.0
MBTPS2,0.0
MBTPS1,0.0
MBOAT4,0.0
MBLAC2,0.0
MBD6,0.0
MBD4,0.0
MBD2,0.0
MATN3,0.0
MATK,0.0
MAST2,0.0
MAST1,0.0
MASP2,0.0
MASP1,0.0
MCHR1,0.0
MCHR2,0.0
MCL1,0.0
MDH2,0.0
MED12,0.0
MED11,0.0
MED10,0.0
MED1,0.0
MECR,0.0
MECOM,0.0
ME2,0.0
ME1,0.0
MDM4,0.0
MDH1B,0.0
MCM2,0.0
MDGA1,0.0
MDC1,0.0
MCTS1,0.0
MCPH1,0.0
MCOLN1,0.0
MCM7,0.0
MCM6,0.0
MCM5,0.0
MCM4,0.0
MYOC,0.0
MYOD1,0.0
MYOF,0.0
NUF2,0.0
NUDT7,0.0
NUDT6,0.0
NUDT5,0.0
NUDT4,0.0
NUDT21,0.0
NUDT16L1,0.0
NUDT15,0.0
NUDT11,0.0
NUCKS1,0.0
NUCB2,0.0
NUBPL,0.0
NUAK1,0.0
NTRK3,0.0
NTRK2,0.0
NTRK1,0.0
NTN1,0.0
NTHL1,0.0
NTF3,0.0
NT5M,0.0
NT5E,0.0
NT5C3B,0.0
NUDT9,0.0
NUMA1,0.0
MYOG,0.0
NUP133,0.0
OCM,0.0
OCLN,0.0
OCA2,0.0
OC90,0.0
OBSL1,0.0
OBSCN,0.0
OAZ2,0.0
OAT,0.0
OASL,0.0
OAS3,0.0
OAS2,0.0
OAS1,0.0
NYX,0.0
NUTF2,0.0
NUS1,0.0
NUPR1,0.0
NUP98,0.0
NUP62CL,0.0
NUP214,0.0
NUP210,0.0
NUP155,0.0
NT5C2,0.0
NT5C1B-RDH14,0.0
NT5C1A,0.0
NT5C,0.0
NR2F2,0.0
NR2F1,0.0
NR2C1,0.0
NR1H4,0.0
NR1D2,0.0
NR0B2,0.0
NR0B1,0.0
NQO1,0.0
NPY4R,0.0
NPY2R,0.0
NPY1R,0.0
NPVF,0.0
NPTN,0.0
NPS,0.0
NPR3,0.0
NPR2,0.0
NPR1,0.0
NPPB,0.0
NPPA,0.0
NPM1,0.0
NPL,0.0
NR2F6,0.0
NR3C1,0.0
NR4A2,0.0
NRXN2,0.0
NSUN7,0.0
NSUN6,0.0
NSUN5,0.0
NSUN4,0.0
NSUN3,0.0
NSUN2,0.0
NSF,0.0
NSDHL,0.0
NSD3,0.0
NRXN1,0.0
NR5A1,0.0
NRROS,0.0
NRP2,0.0
NRIP1,0.0
NRG4,0.0
NRCAM,0.0
NRAS,0.0
NRARP,0.0
NR6A1,0.0
NR5A2,0.0
OCM2,0.0
OCRL,0.0
OGA,0.0
OXER1,0.0
PABPC1,0.0
PA2G4,0.0
P4HTM,0.0
P4HB,0.0
P4HA1,0.0
P3H2,0.0
P2RY4,0.0
P2RY2,0.0
P2RY14,0.0
P2RY13,0.0
P2RY12,0.0
P2RY10,0.0
P2RY1,0.0
P2RX6,0.0
P2RX5,0.0
P2RX3,0.0
P2RX1,0.0
OXTR,0.0
OXT,0.0
OXSM,0.0
OXR1,0.0
PABPC3,0.0
PABPC4,0.0
PABPN1,0.0
PAM,0.0
PAPOLA,0.0
PAPLN,0.0
PAOX,0.0
PANX1,0.0
PANK3,0.0
PANK2,0.0
PANK1,0.0
PAN3,0.0
PAM16,0.0
PALB2,0.0
PACSIN2,0.0
PAK3,0.0
PAK2,0.0
PAK1,0.0
PAICS,0.0
PAGE1,0.0
PADI4,0.0
PADI3,0.0
PADI2,0.0
PADI1,0.0
OXGR1,0.0
OXCT1,0.0
OGDHL,0.0
OXA1L,0.0
OPN1MW2,0.0
OPN1LW,0.0
OPA1,0.0
ONECUT3,0.0
RAD9A,0.0
OMG,0.0
OMD,0.0
OMA1,0.0
OLR1,0.0
OLIG2,0.0
OLIG1,0.0
OLFML3,0.0
OLFML2A,0.0
OLFML1,0.0
OLFM4,0.0
OLA1,0.0
OIT3,0.0
OGT,0.0
OGG1,0.0
OGFR,0.0
OGFOD1,0.0
OPN1SW,0.0
OPN3,0.0
OPN4,0.0
OSM,0.0
OVGP1,0.0
OVCH1,0.0
OTULIN,0.0
OTUB2,0.0
OTP,0.0
OTOF,0.0
OTC,0.0
OSTN,0.0
OSMR,0.0
OSGEPL1,0.0
OPN5,0.0
OSGEP,0.0
OSBPL7,0.0
OSBPL6,0.0
OSBP,0.0
ORM2,0.0
ORM1,0.0
ORAI2,0.0
OPTC,0.0
OPRD1,0.0
NPHS1,0.0
NPHP3,0.0
NPFFR2,0.0
NCBP2,0.0
NDUFC2,0.0
NDUFB9,0.0
NDUFAF5,0.0
NDUFA2,0.0
NDUFA1,0.0
NDST2,0.0
NDST1,0.0
NDOR1,0.0
NDC80,0.0
NCS1,0.0
NCOR2,0.0
NCOR1,0.0
NCOA5,0.0
NCOA3,0.0
NCOA2,0.0
NCL,0.0
NCKAP1,0.0
NCK2,0.0
NCF4,0.0
NCF2,0.0
NCF1,0.0
NDUFS1,0.0
NDUFS2,0.0
NDUFS3,0.0
NEIL1,0.0
NEK8,0.0
NEK7,0.0
NEK6,0.0
NEK4,0.0
NEK2,0.0
NEK11,0.0
NEK10,0.0
NEK1,0.0
NEIL3,0.0
NEFM,0.0
NDUFS4,0.0
NEFH,0.0
NEDD8,0.0
NEDD4L,0.0
NEDD1,0.0
NECTIN2,0.0
NECTIN1,0.0
NDUFV2,0.0
NDUFS8,0.0
NDUFS7,0.0
NCEH1,0.0
NCBP1,0.0
NES,0.0
NCAPH2,0.0
NANOG,0.0
NAMPT,0.0
NALCN,0.0
NAIP,0.0
NAGS,0.0
NAGLU,0.0
NAGA,0.0
NAF1,0.0
NADSYN1,0.0
NAALADL2,0.0
NAALADL1,0.0
NAA50,0.0
NAA30,0.0
NAA20,0.0
NAA11,0.0
NAA10,0.0
MYSM1,0.0
MYRF,0.0
MYORG,0.0
MYOM2,0.0
MYOM1,0.0
NANP,0.0
NANS,0.0
NAP1L2,0.0
NAT8L,0.0
NCAPD3,0.0
NCAN,0.0
NCAM2,0.0
NBR1,0.0
NBN,0.0
NBL1,0.0
NBEAL2,0.0
NAXE,0.0
NAXD,0.0
NAT8,0.0
NAP1L3,0.0
NAT2,0.0
NASP,0.0
NARS2,0.0
NARS1,0.0
NARF,0.0
NAPSA,0.0
NAPRT,0.0
NAP1L5,0.0
NAP1L4,0.0
NEK9,0.0
NEU1,0.0
NPFFR1,0.0
NLRP1,0.0
NOD1,0.0
NOBOX,0.0
NNT,0.0
NMUR2,0.0
NMUR1,0.0
NMU,0.0
NMT2,0.0
NMS,0.0
NMNAT2,0.0
NMNAT1,0.0
NME8,0.0
NME7,0.0
NME6,0.0
NME5,0.0
NME4,0.0
NME3,0.0
NME2,0.0
NME1-NME2,0.0
NMBR,0.0
NMB,0.0
NLRP3,0.0
NOD2,0.0
NODAL,0.0
NOP10,0.0
NOXRED1,0.0
NPFF,0.0
NPEPL1,0.0
NPC1L1,0.0
NPC1,0.0
NPBWR2,0.0
NPBWR1,0.0
NPB,0.0
NPAS4,0.0
NPAS2,0.0
NOXA1,0.0
NOP56,0.0
NOX5,0.0
NOX4,0.0
NOX3,0.0
NOX1,0.0
NOTCH4,0.0
NOTCH3,0.0
NOTCH2,0.0
NOS2,0.0
NOP58,0.0
NLRP14,0.0
NLGN3,0.0
NEU2,0.0
NLGN2,0.0
NFKBIE,0.0
NFKBID,0.0
NFKBIB,0.0
NFKBIA,0.0
NFKB2,0.0
NFKB1,0.0
NFIB,0.0
NFE2L3,0.0
NFE2L1,0.0
NFATC4,0.0
NFATC3,0.0
NFATC2IP,0.0
NFATC2,0.0
NFASC,0.0
NF2,0.0
NEUROG3,0.0
NEUROG1,0.0
NEUROD2,0.0
NEUROD1,0.0
NEU4,0.0
NEU3,0.0
NFKBIZ,0.0
NFS1,0.0
NFX1,0.0
NIPAL4,0.0
NKX6-1,0.0
NKX3-1,0.0
NKX2-1,0.0
NKTR,0.0
NKRF,0.0
NKPD1,0.0
NKIRAS2,0.0
NIT2,0.0
NIT1,0.0
NIFK,0.0
NFYA,0.0
NID1,0.0
NHS,0.0
NHP2,0.0
NHLRC1,0.0
NGLY1,0.0
NGFR,0.0
NGF,0.0
NGB,0.0
NFYB,0.0
RAD54L,0.0
RELA,0.0
RADIL,0.0
TIMP2,0.0
TLNRD1,0.0
TLN1,0.0
TLL1,0.0
TLE1,0.0
TLDC2,0.0
TKTL2,0.0
TKTL1,0.0
TKFC,0.0
TIRAP,0.0
TIMP3,0.0
TIMP1,0.0
TDP1,0.0
TIMM8A,0.0
TIMM13,0.0
TIGD1,0.0
TIGAR,0.0
TIE1,0.0
TICRR,0.0
TIAL1,0.0
TIA1,0.0
THYN1,0.0
THUMPD3,0.0
TLR1,0.0
TLR10,0.0
TLR2,0.0
TLR3,0.0
TMPRSS11A,0.0
TMLHE,0.0
TMIGD3,0.0
TMEM87B,0.0
TMEM87A,0.0
TMEM234,0.0
TMEM158,0.0
TMEM127,0.0
TMED5,0.0
TMED3,0.0
TMCO3,0.0
TMC5,0.0
TM9SF4,0.0
TM9SF1,0.0
TM7SF2,0.0
TLX3,0.0
TLX2,0.0
TLX1,0.0
TLR9,0.0
TLR7,0.0
TLR4,0.0
THUMPD2,0.0
THTPA,0.0
THRA,0.0
TFF1,0.0
TFAM,0.0
TF,0.0
TET1,0.0
TESK2,0.0
TESK1,0.0
TESC,0.0
TES,0.0
TERT,0.0
TERF2,0.0
TENT4B,0.0
TEK,0.0
TEF,0.0
TECRL,0.0
TEC,0.0
TEAD4,0.0
TEAD3,0.0
TDRD9,0.0
TDRD3,0.0
TDRD15,0.0
TDRD12,0.0
TDRD1,0.0
TFCP2,0.0
TFF2,0.0
THOP1,0.0
TFPI,0.0
THOC1,0.0
THNSL2,0.0
THEM4,0.0
THBS2,0.0
THBS1,0.0
THAP4,0.0
TGS1,0.0
TGM7,0.0
TGM6,0.0
TGM5,0.0
TGM4,0.0
TGM3,0.0
TGM2,0.0
TGM1,0.0
TGFBR2,0.0
TGFBI,0.0
TGFB3,0.0
TGFB2,0.0
TGDS,0.0
TG,0.0
TFPI2,0.0
TMPRSS11B,0.0
TMPRSS11E,0.0
TMPRSS11F,0.0
TRAF7,0.0
TPST2,0.0
TPSG1,0.0
TPSD1,0.0
TPSAB1,0.0
TPR,0.0
TPP1,0.0
TPMT,0.0
TPI1,0.0
TPH1,0.0
TPBG,0.0
TP73,0.0
TP63,0.0
TP53I3,0.0
TP53BP1,0.0
TOX,0.0
TOR1B,0.0
TOR1A,0.0
TOPORS,0.0
TOPBP1,0.0
TOP3A,0.0
TONSL,0.0
TRAF3IP1,0.0
TRAK1,0.0
TOMM34,0.0
TRAP1,0.0
TRIO,0.0
TRIM63,0.0
TRIM54,0.0
TRIM35,0.0
TRIM33,0.0
TRIM29,0.0
TRIM28,0.0
TRIM24,0.0
TRIM23,0.0
TRIM15,0.0
TRIB2,0.0
TRIB1,0.0
TRHDE,0.0
TRH,0.0
TREX2,0.0
TREM1,0.0
TRDMT1,0.0
TRC2L_HUMAN,0.0
TRAPPC9,0.0
TRAPPC6B,0.0
TRAPPC3L,0.0
TOMM70,0.0
TOMM22,0.0
TMPRSS12,0.0
TNFRSF4,0.0
TNFRSF21,0.0
TNFRSF1B,0.0
TNFRSF1A,0.0
TNFRSF18,0.0
TNFRSF14,0.0
TNFRSF12A,0.0
TNFRSF11B,0.0
TNFRSF11A,0.0
TNFRSF10D,0.0
TNFRSF10C,0.0
TNFRSF10B,0.0
TNFRSF10A,0.0
TNC,0.0
TMX3,0.0
TMTC3,0.0
TMTC1,0.0
TMPRSS5,0.0
TMPRSS4,0.0
TMPRSS2,0.0
TMPRSS15,0.0
TMPRSS13,0.0
TNFRSF25,0.0
TNFSF10,0.0
TOM1L2,0.0
TNFSF13B,0.0
TOM1L1,0.0
TOM1,0.0
TOLLIP,0.0
TOE1,0.0
TNS3,0.0
TNS2,0.0
TNS1,0.0
TNRC6A,0.0
TNPO3,0.0
TNP2,0.0
TNNT1,0.0
TNNI3,0.0
TNNC2,0.0
TNNC1,0.0
TNKS2,0.0
TNKS,0.0
TNK2,0.0
TNIK,0.0
TNFSF8,0.0
TNFSF15,0.0
TNFSF14,0.0
TDP2,0.0
TDO2,0.0
SRY,0.0
STX11,0.0
STYX,0.0
STYK1,0.0
STXBP6,0.0
STXBP5,0.0
STX8,0.0
STX6,0.0
STX4,0.0
STX3,0.0
STX2,0.0
STX1B,0.0
STX10,0.0
TDGF1,0.0
STT3B,0.0
STT3A,0.0
STS,0.0
STRADA,0.0
STRA8,0.0
STOX1,0.0
STOML2,0.0
STOM,0.0
STN1,0.0
STMN4,0.0
STYXL1,0.0
SUB1,0.0
SUCLG1,0.0
SUCLG2,0.0
SUSD4,0.0
SUSD3,0.0
SUPT6H,0.0
SUPT4H1,0.0
SUPT16H,0.0
SUN1,0.0
SUMO4,0.0
SUMO2,0.0
SUMF1,0.0
SULT4A1,0.0
SULT2B1,0.0
SULT2A1,0.0
SULT1E1,0.0
SULT1C4,0.0
SULT1C3,0.0
SULT1C2,0.0
SULT1B1,0.0
SULF2,0.0
SULF1,0.0
SUFU,0.0
SUCNR1,0.0
STMN1,0.0
STK4,0.0
STK39,0.0
STAMBPL1,0.0
ST8SIA4,0.0
ST8SIA3,0.0
ST8SIA2,0.0
ST8SIA1,0.0
ST6GALNAC5,0.0
ST6GALNAC4,0.0
ST6GALNAC3,0.0
ST6GALNAC2,0.0
ST6GALNAC1,0.0
ST6GAL1,0.0
ST14,0.0
ST13,0.0
SSX2,0.0
SSTR5,0.0
SSTR4,0.0
SSTR2,0.0
SSTR1,0.0
SSRP1,0.0
SSH3,0.0
SSH1,0.0
SSBP4,0.0
ST8SIA6,0.0
STAR,0.0
STK36,0.0
STARD9,0.0
STK35,0.0
STK31,0.0
STK26,0.0
STK25,0.0
STK24,0.0
STK17B,0.0
STK17A,0.0
STK16,0.0
STK11,0.0
STK10,0.0
STEAP3,0.0
STC2,0.0
STC1,0.0
STAU1,0.0
STATH,0.0
STAT6,0.0
STAT5B,0.0
STAT5A,0.0
STAT4,0.0
STAT2,0.0
STAT1,0.0
SUZ12,0.0
SV2A,0.0
SYK,0.0
TBPL2,0.0
TBP,0.0
TBL1XR1,0.0
TBK1,0.0
TBCD,0.0
TATDN3,0.0
TATDN2,0.0
TATDN1,0.0
TAT,0.0
TAS2R9,0.0
TAS2R8,0.0
TAS2R7,0.0
TAS2R60,0.0
TAS2R50,0.0
TAS2R5,0.0
TAS2R46,0.0
TAS2R43,0.0
TAS2R42,0.0
TAS2R41,0.0
TAS2R40,0.0
TAS2R4,0.0
TAS2R39,0.0
TBPL1,0.0
TBR1,0.0
TAS2R31,0.0
TBRG1,0.0
TDG,0.0
TCTE1,0.0
TCL1B,0.0
TCIM,0.0
TCFL5,0.0
TCF7L1,0.0
TCERG1L,0.0
TCERG1,0.0
TCEANC2,0.0
TCEA3,0.0
TCEA2,0.0
TCEA1,0.0
TBXT,0.0
TBXAS1,0.0
TBXA2R,0.0
TBX5,0.0
TBX3,0.0
TBX21,0.0
TBX2,0.0
TBX19,0.0
TBX1,0.0
TAS2R38,0.0
TAS2R30,0.0
SYN1,0.0
TAF7L,0.0
TAF2,0.0
TAF1L,0.0
TADA1,0.0
TACR3,0.0
TACR2,0.0
TACR1,0.0
TAC1,0.0
TAB1,0.0
TAAR8,0.0
TAAR6,0.0
TAAR5,0.0
TAAR2,0.0
TAAR1,0.0
SYT3,0.0
SYT1,0.0
SYP,0.0
SYNPR,0.0
SYNE3,0.0
SYNE2,0.0
SYNE1,0.0
SYNC,0.0
TAF7,0.0
TAF9B,0.0
TAS2R3,0.0
TAL1,0.0
TAS2R20,0.0
TAS2R19,0.0
TAS2R16,0.0
TAS2R14,0.0
TAS2R13,0.0
TAS2R10,0.0
TAS2R1,0.0
TAS1R3,0.0
TAS1R2,0.0
TARS3,0.0
TARS2,0.0
TARDBP,0.0
TARBP1,0.0
TAPT1,0.0
TAP1,0.0
TAOK3,0.0
TAOK2,0.0
TAOK1,0.0
TANC2,0.0
TANC1,0.0
TALDO1,0.0
TRIP4,0.0
TRIT1,0.0
TRMT10A,0.0
VRK1,0.0
WAPL,0.0
VWF,0.0
VWCE,0.0
VWA7,0.0
VWA5B2,0.0
VWA5B1,0.0
VWA1,0.0
VTN,0.0
VTI1B,0.0
VSX2,0.0
VPS54,0.0
TRMT10B,0.0
VPS51,0.0
VPS4A,0.0
VPS36,0.0
VPS35,0.0
VPS33A,0.0
VPS26A,0.0
VPS25,0.0
VNN2,0.0
VNN1,0.0
VMP1,0.0
WARS1,0.0
WARS2,0.0
WBP11,0.0
WDFY2,0.0
WNT10B,0.0
WNT10A,0.0
WNT1,0.0
WNK4,0.0
WNK3,0.0
WNK2,0.0
WIPI2,0.0
WIPI1,0.0
WIF1,0.0
WFDC2,0.0
WEE2,0.0
WEE1,0.0
WDR77,0.0
WDR76,0.0
WDR7,0.0
WDR5,0.0
WDR44,0.0
WDR36,0.0
WDR35,0.0
WDR31,0.0
WDR1,0.0
VLDLR,0.0
VKORC1,0.0
VIPR2,0.0
VAMP4,0.0
VAMP1,0.0
UTS2B,0.0
UTS2,0.0
UTRN,0.0
UTP4,0.0
UTP25,0.0
UTP20,0.0
USP7,0.0
USP51,0.0
USP48,0.0
USP46,0.0
USP44,0.0
USP30,0.0
USP3,0.0
USP28,0.0
USP22,0.0
USP2,0.0
USP19,0.0
USP18,0.0
USP1,0.0
USH2A,0.0
VAMP3,0.0
VAMP5,0.0
VIPR1,0.0
VAMP7,0.0
VIP,0.0
VHL,0.0
VGLL4,0.0
VEZF1,0.0
VEGFD,0.0
VEGFB,0.0
VCP,0.0
VCL,0.0
VCAN,0.0
VCAM1,0.0
VAV2,0.0
VAT1L,0.0
VAT1,0.0
VASP,0.0
VASN,0.0
VARS2,0.0
VARS1,0.0
VAPB,0.0
VAPA,0.0
VANGL2,0.0
VAMP8,0.0
WNT11,0.0
WNT16,0.0
WNT2,0.0
ZFYVE19,0.0
ZFPM1,0.0
ZFP36L2,0.0
ZFP36L1,0.0
ZFP28,0.0
ZFAT,0.0
ZFAND4,0.0
ZEB1,0.0
ZDHHC17,0.0
ZDHHC13,0.0
ZCRB1,0.0
ZC3HAV1,0.0
ZC3H14,0.0
ZBTB16,0.0
ZBTB10,0.0
ZAP70,0.0
ZADH2,0.0
ZACN,0.0
YY2,0.0
YY1,0.0
YWHAH,0.0
YWHAE,0.0
ZFYVE1,0.0
ZFYVE26,0.0
YOD1,0.0
ZG16,0.0
ZRANB1,0.0
ZP3,0.0
ZNRD1,0.0
ZNF675,0.0
ZNF593,0.0
ZNF569,0.0
ZNF385B,0.0
ZNF385A,0.0
ZNF326,0.0
ZNF277,0.0
ZNF276,0.0
ZNF260,0.0
ZNF135,0.0
ZMYND19,0.0
ZMYND10,0.0
ZMPSTE24,0.0
ZKSCAN7,0.0
ZIC3,0.0
ZHX2,0.0
ZGLP1,0.0
ZG16B,0.0
YTHDC2,0.0
YME1L1,0.0
WNT2B,0.0
XPC,0.0
XCR1,0.0
XCL2,0.0
XCL1,0.0
XBP1,0.0
XAF1,0.0
XAB2,0.0
WWOX,0.0
WWC1,0.0
WRNIP1,0.0
WRN,0.0
WRAP53,0.0
WNT9B,0.0
WNT9A,0.0
WNT8B,0.0
WNT7B,0.0
WNT7A,0.0
WNT6,0.0
WNT5A,0.0
WNT4,0.0
WNT3A,0.0
WNT3,0.0
XDH,0.0
XPNPEP1,0.0
YKT6,0.0
XPNPEP2,0.0
YJEFN3,0.0
YIF1A,0.0
YBX3,0.0
YBX2,0.0
YARS2,0.0
YARS1,0.0
XYLT2,0.0
XYLT1,0.0
XYLB,0.0
XRRA1,0.0
XRN2,0.0
XRN1,0.0
XRCC6,0.0
XRCC2,0.0
XRCC1,0.0
XPR1,0.0
XPO7,0.0
XPO6,0.0
XPO5,0.0
XPO1,0.0
XPNPEP3,0.0
USH1C,0.0
USF2,0.0
USB1,0.0
TUBB4A,0.0
TUBB2B,0.0
TUBB2A,0.0
TUBB1,0.0
TUBAL3,0.0
TUBA8,0.0
TUBA4A,0.0
TUBA3E,0.0
TUBA3D,0.0
TUBA3C,0.0
TUBA1B,0.0
TTR,0.0
TTPA,0.0
TTLL8,0.0
TTLL5,0.0
TTLL3,0.0
TTLL2,0.0
TTLL12,0.0
TTLL1,0.0
TTK,0.0
TTF1,0.0
TTC9,0.0
TUBB3,0.0
TUBB6,0.0
TTC32,0.0
TUBD1,0.0
TXNL4B,0.0
TXNL4A,0.0
TXNL1,0.0
TXNDC9,0.0
TXNDC8,0.0
TXNDC5,0.0
TXNDC2,0.0
TXNDC16,0.0
TXNDC12,0.0
TXN2,0.0
TXN,0.0
TXK,0.0
TWIST1,0.0
TUT7,0.0
TUT4,0.0
TUT1,0.0
TUFT1,0.0
TUFM,0.0
TUBG2,0.0
TUBG1,0.0
TUBE1,0.0
TTC4,0.0
TTC28,0.0
TXNRD2,0.0
TSC1,0.0
TRPV6,0.0
TRPV5,0.0
TRPV2,0.0
TRPV1,0.0
TRPS1,0.0
TRPM8,0.0
TRPM5,0.0
TRPM4,0.0
TRPM3,0.0
TRPC7,0.0
TRPC6,0.0
TRPC5,0.0
TRPC3,0.0
TRPA1,0.0
TRO,0.0
TRNT1,0.0
TRNAU1AP,0.0
TRMT9B,0.0
TRMT5,0.0
TRMT1L,0.0
TRMT10C,0.0
TRUB2,0.0
TSC2,0.0
TTC24,0.0
TSEN2,0.0
TTC19,0.0
TTC16,0.0
TTC13,0.0
TTBK2,0.0
TTBK1,0.0
TSTD1,0.0
TSTA3,0.0
TSSK4,0.0
TSSK3,0.0
TSSK2,0.0
TSSK1B,0.0
TSPYL1,0.0
TSPOAP1,0.0
TSPO2,0.0
TSPAN12,0.0
TSNAX,0.0
TSN,0.0
TSLP,0.0
TSHB,0.0
TSG101,0.0
TSEN54,0.0
TXNRD1,0.0
TXNRD3,0.0
UROD,0.0
UHRF1BP1,0.0
UGT8,0.0
UGT3A2,0.0
UGT3A1,0.0
UGT2B7,0.0
UGT2B4,0.0
UGT2B28,0.0
UGT2B17,0.0
UGT2B15,0.0
UGT2B11,0.0
UGT2B10,0.0
UGT2A3,0.0
UGT1A9,0.0
UGT1A8,0.0
UGT1A7,0.0
UGT1A6,0.0
UGT1A5,0.0
UGT1A4,0.0
UGT1A3,0.0
UGT1A10,0.0
UGT1A1,0.0
UGP2,0.0
UHMK1,0.0
UHRF1BP1L,0.0
UGCG,0.0
UHRF2,0.0
UROC1,0.0
URAD,0.0
UQCRH,0.0
UQCRFS1,0.0
UQCRC2,0.0
UQCRC1,0.0
UQCR10,0.0
UPRT,0.0
UPP1,0.0
UPK3A,0.0
UPB1,0.0
UNG,0.0
UNCX,0.0
UNC5C,0.0
UNC13D,0.0
UNC13C,0.0
UNC13A,0.0
UNC119,0.0
ULK4,0.0
ULK3,0.0
ULK1,0.0
UGDH,0.0
UFD1,0.0
TYRO3,0.0
UBE2N,0.0
UBE2K,0.0
UBE2H,0.0
UBE2E1,0.0
UBE2D3,0.0
UBE2D2,0.0
UBE2D1,0.0
UBE2B,0.0
UBE2A,0.0
UBD,0.0
UBAC1,0.0
UBA7,0.0
UBA6,0.0
UBA5,0.0
UBA3,0.0
UBA2,0.0
UBA1,0.0
UAP1L1,0.0
UACA,0.0
TYW5,0.0
TYW1,0.0
TYRP1,0.0
UBE2M,0.0
UBE2S,0.0
UEVLD,0.0
UBE2U,0.0
UCP3,0.0
UCP1,0.0
UCN2,0.0
UCKL1,0.0
UCK2,0.0
UCHL1,0.0
UBXN7,0.0
UBXN1,0.0
UBTF,0.0
UBQLNL,0.0
UBQLN4,0.0
UBQLN2,0.0
UBQLN1,0.0
UBOX5,0.0
UBLCP1,0.0
UBL4B,0.0
UBL4A,0.0
UBE3C,0.0
UBE3B,0.0
UBE2V2,0.0
UBE2V1,0.0
SSBP3,0.0
SRSF7,0.0
RAET1E,0.0
RSPO4,0.0
RTN4RL1,0.0
RTN4R,0.0
RTN4IP1,0.0
RTN4,0.0
RTN2,0.0
RTN1,0.0
RTKN,0.0
RTF1,0.0
RTCB,0.0
RTCA,0.0
RSPO3,0.0
RPL18,0.0
RSPO2,0.0
RSPO1,0.0
RSPH9,0.0
RSPH6A,0.0
RSL24D1,0.0
RSL1D1,0.0
RSKR,0.0
RS1,0.0
RRP9,0.0
RRP15,0.0
RTN4RL2,0.0
RUNX1,0.0
RUNX2,0.0
RUSC1,0.0
SAA4,0.0
S1PR5,0.0
S1PR4,0.0
S1PR1,0.0
S100Z,0.0
S100P,0.0
S100G,0.0
S100B,0.0
S100A9,0.0
S100A8,0.0
S100A7,0.0
S100A12,0.0
S100A11,0.0
S100A1,0.0
RYR2,0.0
RYR1,0.0
RXRG,0.0
RXRA,0.0
RXFP4,0.0
RXFP3,0.0
RUVBL2,0.0
RRM2B,0.0
RRM2,0.0
RRH,0.0
RPP21,0.0
RPN1,0.0
RPLP1,0.0
RPL8,0.0
RPL7A,0.0
RPL7,0.0
RPL5,0.0
RPL4,0.0
RPL3L,0.0
RPL39,0.0
RPL37A,0.0
RPL37,0.0
RPL36AL,0.0
RPL36A-HNRNPH2,0.0
RPL36A,0.0
RPL35,0.0
RPL31,0.0
RPL3,0.0
RPL27A,0.0
RPL24,0.0
RPL23A,0.0
RPL21,0.0
RPN2,0.0
RPP25,0.0
RRAS2,0.0
RPP25L,0.0
RRAS,0.0
RPTOR,0.0
RPS6KB2,0.0
RPS6KB1,0.0
RPS6KA6,0.0
RPS6KA4,0.0
RPS6KA3,0.0
RPS6KA1,0.0
RPS3A,0.0
RPS27L,0.0
RPS27A,0.0
RPS25,0.0
RPS24,0.0
RPS23,0.0
RPS20,0.0
RPS18,0.0
RPS15A,0.0
RPS12,0.0
RPRD2,0.0
RPRD1B,0.0
RPP30,0.0
SAE1,0.0
SAMD12,0.0
SAMD14,0.0
SELPLG,0.0
SELENOS,0.0
SELENON,0.0
SELENOK,0.0
SELENOF,0.0
SELE,0.0
SEL1L3,0.0
SEL1L,0.0
SECISBP2,0.0
SEC61B,0.0
SEC61A1,0.0
SEC23IP,0.0
SEC22C,0.0
SEC22A,0.0
SEC14L6,0.0
SEC14L5,0.0
SEC14L4,0.0
SEC14L3,0.0
SEC14L1,0.0
SEC11C,0.0
SDSL,0.0
SDS,0.0
SELP,0.0
SEMA3A,0.0
SDR42E1,0.0
SEMA3C,0.0
SERPINA7,0.0
SERPINA6,0.0
SERPINA5,0.0
SERPINA12,0.0
SERPINA11,0.0
SERPINA10,0.0
SERHL2,0.0
SEPSECS,0.0
SEPHS1,0.0
SENP1,0.0
SEMG1,0.0
SEMA7A,0.0
SEMA6D,0.0
SEMA6C,0.0
SEMA5A,0.0
SEMA4G,0.0
SEMA4F,0.0
SEMA4C,0.0
SEMA3G,0.0
SEMA3F,0.0
SEMA3D,0.0
SDR9C7,0.0
SDK1,0.0
SARDH,0.0
SCGB1D1,0.0
SCG2,0.0
SCD5,0.0
SCD,0.0
SCARF1,0.0
SCARB2,0.0
SCARB1,0.0
SCARA3,0.0
SCAP,0.0
SCAMP5,0.0
SCAMP4,0.0
SCAMP3,0.0
SCAMP2,0.0
SC5D,0.0
SBK1,0.0
SBF2,0.0
SBDS,0.0
SATL1,0.0
SAT1,0.0
SASS6,0.0
SARS2-2,0.0
SARS2,0.0
SCG5,0.0
SCGB1D4,0.0
SDHD,0.0
SCGB3A1,0.0
SDHC,0.0
SDHB,0.0
SDHA,0.0
SCTR,0.0
SCT,0.0
SCRIB,0.0
SCP2,0.0
SCNN1G,0.0
SCNN1D,0.0
SCNN1B,0.0
SCNN1A,0.0
SCN9A,0.0
SCN8A,0.0
SCN4B,0.0
SCN4A,0.0
SCN3A,0.0
SCN2B,0.0
SCN1B,0.0
SCN1A,0.0
SCN10A,0.0
SCGN,0.0
RPL19,0.0
RPL15,0.0
SRSF6,0.0
RDH10,0.0
REL,0.0
REG3G,0.0
REG1B,0.0
REG1A,0.0
RECQL5,0.0
RECK,0.0
RDH5,0.0
RDH16,0.0
RDH14,0.0
RDH11,0.0
RCVRN,0.0
RPL13A,0.0
RCL1,0.0
RCE1,0.0
RBX1,0.0
RBSN,0.0
RBPMS2,0.0
RBPMS,0.0
RBPJL,0.0
RBPJ,0.0
RBP7,0.0
RBP5,0.0
LRRC8C,0.0
RELB,0.0
RELN,0.0
REM1,0.0
RGPD3,0.0
RGPD2,0.0
RGL1,0.0
RFXANK,0.0
RFX6,0.0
RFX5,0.0
RFNG,0.0
RFK,0.0
RFC5,0.0
RFC1,0.0
REXO5,0.0
REXO4,0.0
REXO1,0.0
REV3L,0.0
REV1,0.0
RETNLB,0.0
RETN,0.0
RET,0.0
RERGL,0.0
RERG,0.0
REM2,0.0
RBP2,0.0
RBP1,0.0
RBM48,0.0
RASD1,0.0
RARS1,0.0
RARRES1,0.0
RARB,0.0
RARA,0.0
RAPSN,0.0
RAPH1,0.0
RAPGEF5,0.0
RAPGEF4,0.0
RAP2B,0.0
RAP2A,0.0
RAP1B,0.0
RANBP9,0.0
RANBP3,0.0
RANBP2,0.0
RAMP1,0.0
RALYL,0.0
RALY,0.0
RALB,0.0
RALA,0.0
RAI14,0.0
RAG1,0.0
RASA1,0.0
RASD2,0.0
RBM47,0.0
RASGRF1,0.0
RBM42,0.0
RBM39,0.0
RBM34,0.0
RBM23,0.0
RBM14,0.0
RBL2,0.0
RBL1,0.0
RBKS,0.0
RBCK1,0.0
RBBP5,0.0
RBBP4,0.0
RB1,0.0
RAX,0.0
RASSF1,0.0
RASL12,0.0
RASL11B,0.0
RASL11A,0.0
RASL10A,0.0
RASIP1,0.0
RASGRP1,0.0
RASGRF2,0.0
RGPD4,0.0
RGPD5,0.0
RGPD6,0.0
RNPEPL1,0.0
RNLS,0.0
RNGTT,0.0
RNF8,0.0
RNF41,0.0
RNF34,0.0
RNF20,0.0
RNF2,0.0
RNF168,0.0
RNF123,0.0
RNF112,0.0
RNASEL,0.0
RNASEH2A,0.0
RNASEH1,0.0
RNASE3,0.0
RNASE2,0.0
RLBP1,0.0
RIT2,0.0
RIPK4,0.0
RIPK3,0.0
RIPK2,0.0
RIPK1,0.0
RNPEP,0.0
ROBO4,0.0
RIOK3,0.0
ROCK1,0.0
RPL12,0.0
RPL10L,0.0
RPL10A,0.0
RPIA,0.0
RPH3AL,0.0
RPH3A,0.0
RPGRIP1,0.0
RPE65,0.0
RPE,0.0
RPAP3,0.0
RPA3,0.0
RPA1,0.0
RP2,0.0
RP1,0.0
ROS1,0.0
RORC,0.0
RORB,0.0
RORA,0.0
ROR2,0.0
ROR1,0.0
ROCK2,0.0
RIOX2,0.0
RIOK2,0.0
RGPD8,0.0
RHCG,0.0
RHBDL2,0.0
RHBDL1,0.0
RHBDF2,0.0
RHBDF1,0.0
RHAG,0.0
RGS9,0.0
RGS8,0.0
RGS7,0.0
RGS6,0.0
RGS4,0.0
RGS21,0.0
RGS20,0.0
RGS2,0.0
RGS18,0.0
RGS16,0.0
RGS14,0.0
RGS12,0.0
RGS11,0.0
RGS10,0.0
RGS1,0.0
RGR,0.0
RHBDL3,0.0
RHEB,0.0
RIOK1,0.0
RHEBL1,0.0
RIN1,0.0
RIMS1,0.0
RIMKLB,0.0
RIMKLA,0.0
RIDA,0.0
RIC3,0.0
RIC1,0.0
RHPN2,0.0
RHPN1,0.0
RHOXF2B,0.0
RHOXF2,0.0
RHOXF1,0.0
RHOU,0.0
RHOJ,0.0
RHOF,0.0
RHOD,0.0
RHOC,0.0
RHOBTB2,0.0
RHOB,0.0
RHOA,0.0
RHO,0.0
SERPINA9,0.0
SERPINB1,0.0
SERPINB10,0.0
SMAD2,0.0
SMARCD3,0.0
SMARCC1,0.0
SMARCAD1,0.0
SMARCA5,0.0
SMAD9,0.0
SMAD7,0.0
SMAD6,0.0
SMAD5,0.0
SMAD4,0.0
SMAD3,0.0
SMAD1,0.0
SERPINB3,0.0
SLURP1,0.0
SLPI,0.0
SLK,0.0
SLITRK5,0.0
SLIT2,0.0
SLIRP,0.0
SLCO4C1,0.0
SLCO4A1,0.0
SLCO3A1,0.0
SLCO2B1,0.0
SMC1A,0.0
SMC1B,0.0
SMC2,0.0
SMC3,0.0
SNAP23,0.0
SNAI2,0.0
SNAI1,0.0
SMYD2,0.0
SMYD1,0.0
SMU1,0.0
SMS,0.0
SMPD3,0.0
SMPD2,0.0
SMPD1,0.0
SMOC1,0.0
SMO,0.0
SMN2,0.0
SMN1,0.0
SMIM3,0.0
SMG6,0.0
SMG5,0.0
SMG1,0.0
SMCP,0.0
SMC5,0.0
SMC4,0.0
SLCO2A1,0.0
SLCO1B3,0.0
SLCO1B1,0.0
SLC6A13,0.0
SLC5A8,0.0
SLC5A7,0.0
SLC5A6,0.0
SLC5A5,0.0
SLC5A4,0.0
SLC5A3,0.0
SLC5A2,0.0
SLC5A12,0.0
SLC5A11,0.0
SLC5A10,0.0
SLC5A1,0.0
SLC51B,0.0
SLC51A,0.0
SLC4A8,0.0
SLC4A4,0.0
SLC4A11,0.0
SLC4A1,0.0
SLC48A1,0.0
SLC47A2,0.0
SLC47A1,0.0
SLC45A3,0.0
SLC5A9,0.0
SLC6A15,0.0
SLCO1A2,0.0
SLC6A17,0.0
SLC9C1,0.0
SLC9A9,0.0
SLC9A5,0.0
SLC9A3,0.0
SLC9A1,0.0
SLC8A3,0.0
SLC8A2,0.0
SLC7A9,0.0
SLC7A4,0.0
SLC7A2,0.0
SLC7A14,0.0
SLC7A11,0.0
SLC7A10,0.0
SLC7A1,0.0
SLC6A9,0.0
SLC6A8,0.0
SLC6A7,0.0
SLC6A5,0.0
SLC6A2,0.0
SLC6A19,0.0
SLC6A18,0.0
SNAP25,0.0
SNAP29,0.0
SNAPC1,0.0
SPTLC2,0.0
SPTBN5,0.0
SPTBN1,0.0
SPSB4,0.0
SPSB2,0.0
SPSB1,0.0
SPRED2,0.0
SPRED1,0.0
SPR,0.0
SPP1,0.0
SPNS3,0.0
SPNS2,0.0
SPNS1,0.0
SPINT1,0.0
SPINK1,0.0
SPIN1,0.0
SPICE1,0.0
SPHK1,0.0
SPG21,0.0
SPEG,0.0
SPEF1,0.0
SPDL1,0.0
SPTLC1,0.0
SPTLC3,0.0
SPATA2L,0.0
SQLE,0.0
SRSF4,0.0
SRSF3,0.0
SRSF10,0.0
SRRD,0.0
SRR,0.0
SRPX2,0.0
SRPRA,0.0
SRPK3,0.0
SRPK2,0.0
SRPK1,0.0
SRMS,0.0
SRM,0.0
SRI,0.0
SRGN,0.0
SRF,0.0
SREK1,0.0
SREBF2,0.0
SREBF1,0.0
SRD5A3,0.0
SRD5A1,0.0
SQSTM1,0.0
SPATA5,0.0
SPATA21,0.0
SNAPC4,0.0
SORL1,0.0
SORCS3,0.0
SORCS2,0.0
SON,0.0
SOD3,0.0
SOD1,0.0
SOCS3,0.0
SOAT1,0.0
SNX7,0.0
SNX3,0.0
SNX20,0.0
SNX17,0.0
SNRPE,0.0
SNRPD3,0.0
SNRPB,0.0
SNRPA,0.0
SNRNP70,0.0
SNRNP35,0.0
SNRNP200,0.0
SNRK,0.0
SNIP1,0.0
SND1,0.0
SORD,0.0
SORT1,0.0
SPATA20,0.0
SOS1,0.0
SPARC,0.0
SPANXB1,0.0
SPAG9,0.0
SPAG6,0.0
SP4,0.0
SP3,0.0
SP2,0.0
SP1,0.0
SOX9,0.0
SOX8,0.0
SOX7,0.0
SOX4,0.0
SOX3,0.0
SOX2,0.0
SOX18,0.0
SOX17,0.0
SOX15,0.0
SOX12,0.0
SOWAHC,0.0
SOSTDC1,0.0
SOST,0.0
SLC45A2,0.0
SLC44A5,0.0
SLC44A3,0.0
SIGLEC7,0.0
SIAE,0.0
SHQ1,0.0
SHPK,0.0
SHOX,0.0
SHOC2,0.0
SHMT1,0.0
SHH,0.0
SHF,0.0
SHC1,0.0
SHBG,0.0
SHANK2,0.0
SHANK1,0.0
SH3D19,0.0
SH3BP5,0.0
SH3BGRL3,0.0
SH3BGRL2,0.0
SH3BGRL,0.0
SH3BGR,0.0
SH2D3A,0.0
SH2D1B,0.0
SH2D1A,0.0
SIAH1,0.0
SIGMAR1,0.0
SH2B2,0.0
SIK1,0.0
SLC13A1,0.0
SLC12A8,0.0
SLC12A7,0.0
SLC12A5,0.0
SLC12A4,0.0
SLC12A3,0.0
SLC12A2,0.0
SLC11A2,0.0
SLC11A1,0.0
SLC10A2,0.0
SLC10A1,0.0
SKP2,0.0
SKP1,0.0
SIRT7,0.0
SIRT6,0.0
SIRT4,0.0
SIRT3,0.0
SIRT2,0.0
SIRT1,0.0
SIN3B,0.0
SIK2,0.0
SH2B3,0.0
SH2B1,0.0
SLC13A3,0.0
SF1,0.0
SETMAR,0.0
SETDB1,0.0
SETD7,0.0
SETD2,0.0
SETD1A,0.0
SET,0.0
SESN3,0.0
SESN2,0.0
SESN1,0.0
SERPINI1,0.0
SERPING1,0.0
SERPINF2,0.0
SERPINF1,0.0
SERPINE3,0.0
SERPINE2,0.0
SERPIND1,0.0
SERPINC1,0.0
SERPINB9,0.0
SERPINB8,0.0
SERPINB5,0.0
SERPINB4,0.0
SETX,0.0
SF3A2,0.0
SGTB,0.0
SF3B1,0.0
SGTA,0.0
SGSH,0.0
SGPP2,0.0
SGPP1,0.0
SGPL1,0.0
SGO1,0.0
SGK2,0.0
SGK1,0.0
SGF29,0.0
SGCB,0.0
SGCA,0.0
SFTPC,0.0
SFTPA2,0.0
SFTPA1,0.0
SFRP5,0.0
SFRP4,0.0
SFRP2,0.0
SFRP1,0.0
SFPQ,0.0
SFN,0.0
SF3B3,0.0
SLC13A2,0.0
SLC13A4,0.0
SLC44A1,0.0
SLC2A9,0.0
SLC2A4,0.0
SLC2A3,0.0
SLC2A1,0.0
SLC29A3,0.0
SLC28A3,0.0
SLC28A2,0.0
SLC27A6,0.0
SLC27A5,0.0
SLC27A4,0.0
SLC27A2,0.0
SLC27A1,0.0
SLC26A8,0.0
SLC26A7,0.0
SLC26A6,0.0
SLC26A5,0.0
SLC26A3,0.0
SLC26A2,0.0
SLC26A11,0.0
SLC26A10,0.0
SLC26A1,0.0
SLC25A6,0.0
SLC2A5,0.0
SLC30A4,0.0
SLC25A40,0.0
SLC31A1,0.0
SLC43A1,0.0
SLC40A1,0.0
SLC3A2,0.0
SLC3A1,0.0
SLC39A5,0.0
SLC39A4,0.0
SLC39A12,0.0
SLC38A2,0.0
SLC37A2,0.0
SLC37A1,0.0
SLC36A2,0.0
SLC36A1,0.0
SLC35G3,0.0
SLC35F5,0.0
SLC35E4,0.0
SLC35E3,0.0
SLC35E1,0.0
SLC35B3,0.0
SLC35B2,0.0
SLC32A1,0.0
SLC31A2,0.0
SLC25A5,0.0
SLC25A4,0.0
SLC13A5,0.0
SLC22A11,0.0
SLC1A6,0.0
SLC1A5,0.0
SLC1A4,0.0
SLC1A3,0.0
SLC1A2,0.0
SLC1A1,0.0
SLC19A2,0.0
SLC19A1,0.0
SLC18A3,0.0
SLC17A9,0.0
SLC17A8,0.0
SLC17A7,0.0
SLC17A6,0.0
SLC17A5,0.0
SLC16A10,0.0
SLC15A4,0.0
SLC15A3,0.0
SLC15A2,0.0
SLC15A1,0.0
SLC14A2,0.0
SLC14A1,0.0
SLC22A1,0.0
SLC22A12,0.0
SLC25A37,0.0
SLC22A16,0.0
SLC25A30,0.0
SLC25A29,0.0
SLC25A21,0.0
SLC25A20,0.0
SLC25A2,0.0
SLC25A17,0.0
SLC25A15,0.0
SLC25A13,0.0
SLC25A12,0.0
SLC25A11,0.0
SLC25A1,0.0
SLC24A5,0.0
SLC23A3,0.0
SLC23A1,0.0
SLC22A9,0.0
SLC22A8,0.0
SLC22A7,0.0
SLC22A6,0.0
SLC22A4,0.0
SLC22A3,0.0
SLC22A2,0.0
LRRC8D,0.0
LIN28B,0.0
LRRC8A,0.0
CKM,0.0
CLCNKA,0.0
CLCN5,0.0
CLCN2,0.0
CLCN1,0.0
CLASRP,0.0
CLASP1,0.0
CKS2,0.0
CKS1B,0.0
CKMT1B,0.0
CKMT1A,0.0
CKB,0.0
CORT,0.0
CIT,0.0
CISH,0.0
CISD2,0.0
CISD1,0.0
CIR1,0.0
CIP2A,0.0
CIDEA,0.0
CIB4,0.0
CIB3,0.0
CIB2,0.0
CLCNKB,0.0
CLDN1,0.0
CLDN11,0.0
CLDN3,0.0
CLEC9A,0.0
CLEC7A,0.0
CLEC6A,0.0
CLEC5A,0.0
CLEC4M,0.0
CLEC4G,0.0
CLEC4E,0.0
CLEC4A,0.0
CLEC3B,0.0
CLEC2L,0.0
CLEC2D,0.0
CLEC2B,0.0
CLEC2A,0.0
CLEC1B,0.0
CLEC1A,0.0
CLEC18B,0.0
CLEC12B,0.0
CLEC12A,0.0
CLEC11A,0.0
CLDN9,0.0
CLDN7,0.0
CIAPIN1,0.0
CIAO3,0.0
CHUK,0.0
CHPT1,0.0
CHPF,0.0
CHP2,0.0
CHP1,0.0
CHODL,0.0
CHMP5,0.0
CHMP4B,0.0
CHMP1A,0.0
CHML,0.0
CHM,0.0
CHL1,0.0
CHKB,0.0
CHKA,0.0
CHIT1,0.0
CHI3L1,0.0
CHGA,0.0
CHFR,0.0
CHEK2,0.0
CHDH,0.0
CHD7,0.0
CHD1L,0.0
CHCHD7,0.0
CHPF2,0.0
CHRFAM7A,0.0
CHSY3,0.0
CHRM5,0.0
CHSY1,0.0
CHST7,0.0
CHST5,0.0
CHST3,0.0
CHST2,0.0
CHST14,0.0
CHST1,0.0
CHRND,0.0
CHRNB4,0.0
CHRNB3,0.0
CHRNB2,0.0
CHRNB1,0.0
CHRNA9,0.0
CHRNA7,0.0
CHRNA6,0.0
CHRNA5,0.0
CHRNA4,0.0
CHRNA3,0.0
CHRNA2,0.0
CHRNA10,0.0
CHRNA1,0.0
CLIC4,0.0
CLINT1,0.0
CLK1,0.0
COL6A5,0.0
COL6A1,0.0
COL5A3,0.0
COL5A2,0.0
COL5A1,0.0
COL4A5,0.0
COL4A4,0.0
COL4A3,0.0
COL4A2,0.0
COL4A1,0.0
COL3A1,0.0
COL2A1,0.0
COL27A1,0.0
COL25A1,0.0
COL24A1,0.0
COL23A1,0.0
COL22A1,0.0
COL20A1,0.0
COL1A2,0.0
COL1A1,0.0
COL16A1,0.0
COL14A1,0.0
COL6A3,0.0
COL6A6,0.0
COL11A2,0.0
COL7A1,0.0
CORO6,0.0
CORO2A,0.0
CORO1B,0.0
CORO1A,0.0
CORIN,0.0
COQ9,0.0
COQ8B,0.0
COQ7,0.0
COQ6,0.0
COQ5,0.0
COQ3,0.0
COQ2,0.0
COPS6,0.0
COPS5,0.0
COPS2,0.0
COMTD1,0.0
COMT,0.0
COLGALT2,0.0
COLGALT1,0.0
COL9A2,0.0
COL9A1,0.0
COL13A1,0.0
COL11A1,0.0
CLK3,0.0
CNDP2,0.0
CNBD2,0.0
CMTR2,0.0
CMPK2,0.0
CMBL,0.0
CMAS,0.0
CMA1,0.0
CLVS2,0.0
CLU,0.0
CLTA,0.0
CLSTN1,0.0
CLSPN,0.0
CLPX,0.0
CLPTM1L,0.0
CLPS,0.0
CLPP,0.0
CLPB,0.0
CLP1,0.0
CLNK,0.0
CLMP,0.0
CLMN,0.0
CLK4,0.0
CNDP1,0.0
CNGA1,0.0
COG2,0.0
CNGA2,0.0
COG1,0.0
COASY,0.0
COA8-2,0.0
COA7,0.0
CNTROB,0.0
CNTNAP1,0.0
CNTN4,0.0
CNTN3,0.0
CNTN2,0.0
CNTF,0.0
CNR2,0.0
CNP,0.0
CNOT7,0.0
CNOT4,0.0
CNOT2,0.0
CNOT1,0.0
CNNM4,0.0
CNNM3,0.0
CNNM2,0.0
CNNM1,0.0
CNGA4,0.0
CHAT,0.0
CHAF1B,0.0
CHAF1A,0.0
CD248,0.0
CD209,0.0
CD207,0.0
CD200R1L,0.0
CD200R1,0.0
CD200,0.0
CD2,0.0
CD1E,0.0
CD1B,0.0
CD1A,0.0
CD180,0.0
CCT6A,0.0
CCS,0.0
CCRL2,0.0
CCR9,0.0
CCR8,0.0
CCR7,0.0
CCR5,0.0
CCR4,0.0
CCR3,0.0
CCR2,0.0
CCR10,0.0
CD22,0.0
CD27,0.0
CCNT1,0.0
CD274,0.0
CD81,0.0
CD80,0.0
CD79B,0.0
CD79A,0.0
CD72,0.0
CD69,0.0
CD68,0.0
CD58,0.0
CD52,0.0
CD5,0.0
CD47,0.0
CD46,0.0
CD44,0.0
CD40LG,0.0
CD40,0.0
CD4,0.0
CD38,0.0
CD320,0.0
CD300C,0.0
CD28,0.0
CD276,0.0
CCR1,0.0
CCNO,0.0
CD86,0.0
CCDC6,0.0
CBX3,0.0
CBR4,0.0
CBR3,0.0
CBR1,0.0
CBLN1,0.0
CBLIF,0.0
CBL,0.0
CAV3,0.0
CATSPERG,0.0
CATSPERD,0.0
CATSPERB,0.0
CATSPER4,0.0
CATSPER3,0.0
CATSPER1,0.0
CASR,0.0
CASQ2,0.0
CASP6,0.0
CASP4,0.0
CASP2,0.0
CASP10,0.0
CASKIN2,0.0
CCAR1,0.0
CCDC85B,0.0
CCNF,0.0
CCIN,0.0
CCND3,0.0
CCNC,0.0
CCNB1,0.0
CCNA1,0.0
CCN2,0.0
CCN1,0.0
CCM2,0.0
CCL8,0.0
CCL7,0.0
CCL28,0.0
CCL27,0.0
CCL25,0.0
CCL22,0.0
CCL21,0.0
CCL20,0.0
CCL2,0.0
CCL19,0.0
CCL17,0.0
CCL11,0.0
CCL1,0.0
CCKAR,0.0
CD83,0.0
CDA,0.0
CHADL,0.0
CERS2,0.0
CER1,0.0
CEP170,0.0
CENPV,0.0
CENPS-CORT,0.0
CENPS,0.0
CENPM,0.0
CENPJ,0.0
CENPF,0.0
CENPE,0.0
CENPA,0.0
CELSR3,0.0
CELSR2,0.0
CELSR1,0.0
CELF3,0.0
CELA3B,0.0
CELA3A,0.0
CELA2B,0.0
CELA2A,0.0
CELA1,0.0
CEBPZ,0.0
CEBPE,0.0
CERKL,0.0
CERS3,0.0
CEBPB,0.0
CERS4,0.0
CHAD,0.0
CHAC2,0.0
CH25H,0.0
CGB3,0.0
CGAS,0.0
CFTR,0.0
CFP,0.0
CFLAR,0.0
CFHR4,0.0
CFHR3,0.0
CFHR1,0.0
CFH,0.0
CFB,0.0
CETP,0.0
CETN2,0.0
CETN1,0.0
CES5A,0.0
CES4A,0.0
CES3,0.0
CES1,0.0
CERS5,0.0
CEBPD,0.0
CEBPA,0.0
CDC14A,0.0
CDK17,0.0
CDK11B,0.0
CDK10,0.0
CDK1,0.0
CDIPT,0.0
CDH3,0.0
CDH2,0.0
CDH17,0.0
CDH11,0.0
CDH1,0.0
CDCA2,0.0
CDC73,0.0
CDC6,0.0
CDC5L,0.0
CDC45,0.0
CDC42BPB,0.0
CDC27,0.0
CDC25C,0.0
CDC25B,0.0
CDC25A,0.0
CDC16,0.0
CDC14B,0.0
CDK16,0.0
CDK18,0.0
CEACAM6,0.0
CDK19,0.0
CEACAM5,0.0
CEACAM1,0.0
CDYL,0.0
CDY1B,0.0
CDY1,0.0
CDX2,0.0
CDX1,0.0
CDSN,0.0
CDS1,0.0
CDR2,0.0
CDR1,0.0
CDO1,0.0
CDKN3,0.0
CDKN2C,0.0
CDKN1B,0.0
CDKAL1,0.0
CDK8,0.0
CDK6,0.0
CDK5R1,0.0
CDK5,0.0
CDK4,0.0
CORO7-PAM16,0.0
COX19,0.0
LRRC70,0.0
DDX20,0.0
DDX59,0.0
DDX58,0.0
DDX53,0.0
DDX51,0.0
DDX50,0.0
DDX5,0.0
DDX4,0.0
DDX39A,0.0
DDX23,0.0
DDX21,0.0
DDX18,0.0
COX4I2,0.0
DDX17,0.0
DDX10,0.0
DDO,0.0
DDN,0.0
DDIT4L,0.0
DDIT4,0.0
DDB2,0.0
DDB1,0.0
DDAH1,0.0
DCXR,0.0
DECR1,0.0
DECR2,0.0
DEFA3,0.0
DEFA5,0.0
DHRS2,0.0
DHRS13,0.0
DHPS,0.0
DHODH,0.0
DHFR2,0.0
DHDH,0.0
DHDDS,0.0
DHCR7,0.0
DHCR24,0.0
DGUOK,0.0
DGAT2,0.0
DFFA,0.0
DESI2,0.0
DERA,0.0
DEPP1,0.0
DEPDC1,0.0
DENR,0.0
DEGS2,0.0
DEGS1,0.0
DEFB1,0.0
DEFA6,0.0
DCUN1D5,0.0
DCUN1D3,0.0
DCUN1D2,0.0
DARS1,0.0
DAGLB,0.0
DAGLA,0.0
DAD1,0.0
DACT2,0.0
DACT1,0.0
D6RAR5_HUMAN,0.0
D2HGDH,0.0
CZIB,0.0
CYTL1,0.0
CYTH3,0.0
CYSLTR2,0.0
CYSLTR1,0.0
CYS1,0.0
CYREN,0.0
CYP8B1,0.0
CYP7B1,0.0
CYP7A1,0.0
CYP4Z1,0.0
CYP4X1,0.0
CYP4V2,0.0
CYP4F3,0.0
DAO,0.0
DAXX,0.0
DCUN1D1,0.0
DAZ1,0.0
DCTD,0.0
DCT,0.0
DCP2,0.0
DCP1B,0.0
DCN,0.0
DCLRE1C,0.0
DCLRE1A,0.0
DCLK3,0.0
DCHS2,0.0
DCHS1,0.0
DCC,0.0
DCAF6,0.0
DCAF1,0.0
DBT,0.0
DBR1,0.0
DBP,0.0
DBNL,0.0
DBF4,0.0
DAZL,0.0
DAZ3,0.0
DAZ2,0.0
DHRS4,0.0
DHRS4L2,0.0
DHRS7,0.0
DNMT3L,0.0
DNMT3A,0.0
DNMT1,0.0
DNMBP,0.0
DNM1,0.0
DND1,0.0
DNAJC9,0.0
DNAJC5,0.0
DNAJC24,0.0
DNAJC2,0.0
DNAJC19,0.0
DNAJC17,0.0
DNAJC15,0.0
DNAJC12,0.0
DNAJC10,0.0
DNAJC1,0.0
DNAJB4,0.0
DNAJB1,0.0
DNAJA1,0.0
DNAH8,0.0
DNAAF4,0.0
DNAAF2,0.0
DNMT3B,0.0
DNPH1,0.0
DMPK,0.0
DNTT,0.0
DRD4,0.0
DRC7,0.0
DPYSL5,0.0
DPYSL4,0.0
DPYSL3,0.0
DPYS,0.0
DPT,0.0
DPRX,0.0
DPP9,0.0
DPP8,0.0
DPP6,0.0
DPP4,0.0
DPP10,0.0
DPH6,0.0
DOT1L,0.0
DOP1B,0.0
DOLPP1,0.0
DOK7,0.0
DOK2,0.0
DOK1,0.0
DOCK9,0.0
DMRTA1,0.0
DMP1,0.0
DHRS7B,0.0
DIPK2A,0.0
DIP2B,0.0
DIP2A,0.0
DIO3,0.0
DIO1,0.0
DIAPH3,0.0
DIAPH2,0.0
DIABLO-2,0.0
DHX9,0.0
DHX8,0.0
DHX58,0.0
DHX38,0.0
DHX37,0.0
DHX36,0.0
DHX35,0.0
DHX32,0.0
DHX30,0.0
DHX29,0.0
DHX16,0.0
DHX15,0.0
DHTKD1,0.0
DHRS7C,0.0
DIP2C,0.0
DIRAS1,0.0
DMGDH,0.0
DIRAS2,0.0
DMD,0.0
DMC1,0.0
DMBX1,0.0
DMBT1,0.0
DLST,0.0
DLL4,0.0
DLK2,0.0
DLK1,0.0
DLG5,0.0
DLG3,0.0
DLG2,0.0
DLG1,0.0
DLEC1,0.0
DLC1,0.0
DLAT,0.0
DKK1,0.0
DKC1,0.0
DIS3L2,0.0
DIS3L,0.0
DIS3,0.0
DIRAS3,0.0
CYP4F22,0.0
CYP4F2,0.0
CYP4B1,0.0
CSF1,0.0
CSAD,0.0
CS,0.0
CRYZL1,0.0
CRYM,0.0
CRYL1,0.0
CRYGD,0.0
CRYBG1,0.0
CRYBA4,0.0
CRYAA,0.0
CRY1,0.0
CRTC2,0.0
CRP,0.0
CROT,0.0
CRMP1,0.0
CRLS1,0.0
CRKL,0.0
CRK,0.0
CRISPLD2,0.0
CRISPLD1,0.0
CRISP3,0.0
CRISP1,0.0
CSDC2,0.0
CSF1R,0.0
CRIP1,0.0
CSF2,0.0
CTAG1B,0.0
CSTB,0.0
CST7,0.0
CST6,0.0
CST5,0.0
CST4,0.0
CST2,0.0
CST11,0.0
CST1,0.0
CSPG5,0.0
CSPG4,0.0
CSNK2A2,0.0
CSNK2A1,0.0
CSNK1G3,0.0
CSNK1G2,0.0
CSNK1A1L,0.0
CSN3,0.0
CSN2,0.0
CSMD3,0.0
CSK,0.0
CSF2RA,0.0
CRIPAK,0.0
CRIM1,0.0
CTBP1,0.0
CPS1,0.0
CPO,0.0
CPNE1,0.0
CPN2,0.0
CPN1,0.0
CPM,0.0
CPLX1,0.0
CPLANE2,0.0
CPE,0.0
CPD,0.0
CPB2,0.0
CPA6,0.0
CPA3,0.0
CPA2,0.0
CPA1,0.0
CP,0.0
COX8A,0.0
COX7A1,0.0
COX6A2,0.0
COX6A1,0.0
COX5B,0.0
COX5A,0.0
CPQ,0.0
CPSF2,0.0
CRHR2,0.0
CPSF3,0.0
CRHR1,0.0
CRHBP,0.0
CRH,0.0
CREM,0.0
CRELD2,0.0
CREBBP,0.0
CREB3L3,0.0
CREB3L2,0.0
CREB1,0.0
CRBN,0.0
CRAT,0.0
CRABP1,0.0
CR2,0.0
CR1L,0.0
CPZ,0.0
CPXM2,0.0
CPXM1,0.0
CPT2,0.0
CPT1A,0.0
CPSF7,0.0
CPSF4,0.0
CTAG2,0.0
CTBP2,0.0
CYP4A22,0.0
CYP11B1,0.0
CYLC1,0.0
CYGB,0.0
CYCS,0.0
CYC1,0.0
CYBB,0.0
CYBA,0.0
CYB5R4,0.0
CYB5R3,0.0
CYB5R1,0.0
CYB5B,0.0
CYB5A,0.0
CXCR5,0.0
CXCR3,0.0
CXCR2,0.0
CXCR1,0.0
CXCL9,0.0
CXCL6,0.0
CXCL5,0.0
CXCL3,0.0
CXCL2,0.0
CXCL16,0.0
CYP11A1,0.0
CYP11B2,0.0
CXCL13,0.0
CYP17A1,0.0
CYP4A11,0.0
CYP46A1,0.0
CYP3A43,0.0
CYP39A1,0.0
CYP2W1,0.0
CYP2U1,0.0
CYP2S1,0.0
CYP2R1,0.0
CYP2J2,0.0
CYP2F1,0.0
CYP2C18,0.0
CYP2A7,0.0
CYP2A6,0.0
CYP2A13,0.0
CYP27C1,0.0
CYP27B1,0.0
CYP27A1,0.0
CYP26B1,0.0
CYP26A1,0.0
CYP24A1,0.0
CYP20A1,0.0
CXCL14,0.0
CXCL12,0.0
CTBS,0.0
CTSL,0.0
CTSH,0.0
CTSG,0.0
CTSF,0.0
CTSE,0.0
CTSD,0.0
CTSC,0.0
CTSA,0.0
CTRL,0.0
CTRC,0.0
CTRB2,0.0
CTRB1,0.0
CTR9,0.0
CTNS,0.0
CTNND1,0.0
CTNNBL1,0.0
CTH,0.0
CTF1,0.0
CTDSPL2,0.0
CTDSPL,0.0
CTDSP2,0.0
CTDSP1,0.0
CTSK,0.0
CTSO,0.0
CXCL11,0.0
CTSS,0.0
CXCL10,0.0
CXCL1,0.0
CXADR,0.0
CX3CR1,0.0
CX3CL1,0.0
CWH43,0.0
CWC27,0.0
CWC22,0.0
CUX2,0.0
CUX1,0.0
CUL5,0.0
CUL4B,0.0
CUL4A,0.0
CUL3,0.0
CUL1,0.0
CUBN,0.0
CTU1,0.0
CTTNBP2,0.0
CTSZ,0.0
CTSW,0.0
CTSV,0.0
CASKIN1,0.0
CASC3,0.0
CARTPT,0.0
ALG10,0.0
ALKBH5,0.0
ALKBH4,0.0
ALKBH3,0.0
ALKBH1,0.0
ALK,0.0
ALG8,0.0
ALG5,0.0
ALG2,0.0
ALG11,0.0
ALG10B,0.0
ALG1,0.0
CARS2,0.0
ALDH8A1,0.0
ALDH6A1,0.0
ALDH3A2,0.0
ALDH1L2,0.0
ALDH1B1,0.0
ALDH18A1,0.0
ALAD,0.0
AKT2,0.0
AKR7A3,0.0
AKR7A2,0.0
ALKBH7,0.0
ALLC,0.0
ALOX12,0.0
ALOX15,0.0
AMY1A,0.0
AMT,0.0
AMPH,0.0
AMPD3,0.0
AMPD1,0.0
AMFR,0.0
AMELX,0.0
AMDHD2-2,0.0
AMDHD2,0.0
AMDHD1,0.0
AMBP,0.0
AMBN,0.0
AMACR,0.0
ALX1,0.0
ALS2,0.0
ALPP,0.0
ALPI,0.0
ALPG,0.0
ALOXE3,0.0
ALOX5,0.0
ALOX15B,0.0
AKR1E2,0.0
AKR1D1,0.0
AKR1C3,0.0
AHRR,0.0
AHCYL2,0.0
AHCYL1,0.0
AHCY,0.0
AGXT2,0.0
AGXT,0.0
AGTR2,0.0
AGT,0.0
AGRP,0.0
AGRN,0.0
AGR3,0.0
AGR2,0.0
AGPS,0.0
AGPAT2,0.0
AGO2,0.0
AGMO,0.0
AGL,0.0
AGBL5,0.0
AGBL4,0.0
AGBL3,0.0
AGBL1,0.0
AGA,0.0
AHR,0.0
AHSA1,0.0
AKR1C2,0.0
AHSP,0.0
AKR1C1,0.0
AKR1B15,0.0
AKR1B10,0.0
AKR1B1,0.0
AKAP9,0.0
AKAP7,0.0
AKAP6,0.0
AKAP17A,0.0
AKAP13,0.0
AKAP10,0.0
AK9,0.0
AK8,0.0
AK7,0.0
AK5,0.0
AK3,0.0
AIRE,0.0
AIMP2,0.0
AIMP1,0.0
AIM2,0.0
AIFM3,0.0
AIFM1,0.0
AMY1B,0.0
AMY1C,0.0
AMY2B,0.0
AOPEP,0.0
AOC2,0.0
ANXA7,0.0
ANXA5,0.0
ANXA4,0.0
ANXA3,0.0
ANXA2,0.0
ANTXR2,0.0
ANTKMT,0.0
ANP32A,0.0
ANO7,0.0
ANO6,0.0
ANO1,0.0
ANLN,0.0
ANKS6,0.0
ANKS4B,0.0
ANKS3,0.0
ANKS1B,0.0
ANKS1A,0.0
ANKRD9,0.0
ANKRD7,0.0
ANKRD66,0.0
AOC3,0.0
AOX1,0.0
ANKRD63,0.0
AP1AR,0.0
APOBEC3D,0.0
APOBEC3B,0.0
APOBEC2,0.0
APOBEC1,0.0
APOB,0.0
APOA2,0.0
APOA1,0.0
APMAP,0.0
APIP,0.0
APEX2,0.0
APEX1,0.0
APEH,0.0
APCDD1,0.0
APC,0.0
APBB1IP,0.0
APAF1,0.0
AP5B1,0.0
AP4E1,0.0
AP3B1,0.0
AP1G2,0.0
AP1G1,0.0
ANKRD65,0.0
ANKRD61,0.0
AMZ1,0.0
ANKRD17,0.0
ANKRD1,0.0
ANKRA2,0.0
ANKK1,0.0
ANKH,0.0
ANKDD1B,0.0
ANK3,0.0
ANK2,0.0
ANK1,0.0
ANGPTL4,0.0
ANGPTL3,0.0
ANGPTL2,0.0
ANGPT4,0.0
ANGPT2,0.0
ANGPT1,0.0
ANGEL2,0.0
ANG,0.0
ANAPC7,0.0
ANAPC5,0.0
ANAPC2,0.0
ANAPC11,0.0
ANAPC1,0.0
ANKRD10,0.0
ANKRD18A,0.0
ANKRD60,0.0
ANKRD18B,0.0
ANKRD6,0.0
ANKRD55,0.0
ANKRD54,0.0
ANKRD53,0.0
ANKRD52,0.0
ANKRD50,0.0
ANKRD39,0.0
ANKRD37,0.0
ANKRD36C,0.0
ANKRD35,0.0
ANKRD30BL,0.0
ANKRD30A,0.0
ANKRD29,0.0
ANKRD28,0.0
ANKRD27,0.0
ANKRD26,0.0
ANKRD23,0.0
ANKRD22,0.0
ANKRD20A4,0.0
ANKRD20A2,0.0
ANKRD2,0.0
AFTPH,0.0
AFP,0.0
AFMID,0.0
ACOT11,0.0
ACOD1,0.0
ACO2,0.0
ACMSD,0.0
ACKR3,0.0
ACKR1,0.0
ACE,0.0
ACCSL,0.0
ACCS,0.0
ACAT2,0.0
ACAT1,0.0
ACAN,0.0
ACADSB,0.0
ACADS,0.0
ACAD9,0.0
ACAD8,0.0
ACAD11,0.0
ACAD10,0.0
ACACB,0.0
ACAA1,0.0
ABTB1,0.0
ABR,0.0
ACOT1,0.0
ACOT12,0.0
ABL1,0.0
ACOT13,0.0
ACSM5,0.0
ACSM4,0.0
ACSM3,0.0
ACSM2B,0.0
ACSM1,0.0
ACSL5,0.0
ACSL4,0.0
ACSL3,0.0
ACR,0.0
ACPP,0.0
ACP7,0.0
ACP5,0.0
ACOXL,0.0
ACOX3,0.0
ACOX2,0.0
ACOX1,0.0
ACOT8,0.0
ACOT7,0.0
ACOT6,0.0
ACOT4,0.0
ACOT2,0.0
ABL2,0.0
ABI3,0.0
ACSS1,0.0
ABCC3,0.0
ABCC10,0.0
ABCC1,0.0
ABCB7,0.0
ABCB5,0.0
ABCB4,0.0
ABCB10,0.0
ABCA7,0.0
ABCA5,0.0
ABCA4,0.0
ABCA2,0.0
ABCA12,0.0
ABCA1,0.0
AASDHPPT,0.0
AARS2,0.0
AARS1,0.0
AANAT,0.0
AAK1,0.0
AADACL4,0.0
AADACL3,0.0
AADACL2,0.0
AADAC,0.0
ABCC12,0.0
ABCC5,0.0
ABHD6,0.0
ABCC6,0.0
ABHD4,0.0
ABHD17C,0.0
ABHD17B,0.0
ABHD17A,0.0
ABHD16A,0.0
ABHD14A,0.0
ABHD13,0.0
ABHD12B,0.0
ABHD12,0.0
ABHD11,0.0
ABHD10,0.0
ABCG8,0.0
ABCG1,0.0
ABCF3,0.0
ABCF2,0.0
ABCF1,0.0
ABCD4,0.0
ABCD3,0.0
ABCD2,0.0
ABCD1,0.0
ABCC9,0.0
ACSM6,0.0
ACSS2,0.0
AFM,0.0
ADGRG6,0.0
ADGRG2,0.0
ADGRF4,0.0
ADGRF3,0.0
ADGRF2,0.0
ADGRF1,0.0
ADGRE5,0.0
ADGRE3,0.0
ADGRE1,0.0
ADGRD2,0.0
ADGRB3,0.0
ADGRA3,0.0
ADGRA2,0.0
ADGRA1,0.0
ADD3,0.0
ADD2,0.0
ADD1,0.0
ADCY9,0.0
ADCY8,0.0
ADCY6,0.0
ADCY5,0.0
ADCY4,0.0
ADGRG3,0.0
ADGRG7,0.0
ADCY1,0.0
ADGRL1,0.0
AFF1,0.0
AEN,0.0
AEBP2,0.0
AEBP1,0.0
ADSS2,0.0
ADSS1,0.0
ADRA2A,0.0
ADPRM,0.0
ADPRHL2,0.0
ADORA2B,0.0
ADO,0.0
ADIPOR2,0.0
ADIPOR1,0.0
ADI1,0.0
ADH7,0.0
ADH6,0.0
ADH5,0.0
ADH1B,0.0
ADH1A,0.0
ADGRL4,0.0
ADGRL3,0.0
ADCY2,0.0
ADCK5,0.0
ACSS3,0.0
ACTRT2,0.0
ACTR8,0.0
ACTR6,0.0
ACTR3C,0.0
ACTR3B,0.0
ACTR3,0.0
ACTR2,0.0
ACTR1B,0.0
ACTR10,0.0
ACTN4,0.0
ACTN2,0.0
ACTL9,0.0
ACTL8,0.0
ACTL7B,0.0
ACTL7A,0.0
ACTL6B,0.0
ACTL6A,0.0
ACTL10,0.0
ACTC1,0.0
ACTBL2,0.0
ACTA2,0.0
ACTA1,0.0
ACTRT1,0.0
ACTRT3,0.0
ADCK1,0.0
ACVR1B,0.0
ADAT3,0.0
ADAT2,0.0
ADAT1,0.0
ADARB2,0.0
ADARB1,0.0
ADAR,0.0
ADAMTS6,0.0
ADAMTS4,0.0
ADAMTS3,0.0
ADAMTS2,0.0
ADAMTS18,0.0
ADAMTS13,0.0
ADAM9,0.0
ADAM33,0.0
ADAM17,0.0
ADAM15,0.0
ADAM10,0.0
ADA,0.0
ACY1,0.0
ACVRL1,0.0
ACVR1C,0.0
APOBEC3G,0.0
APOBEC3H,0.0
APOBEC4,0.0
BNIP3L,0.0
BNC1,0.0
BMS1,0.0
BMPR2,0.0
BMP8B,0.0
BMP8A,0.0
BMP7,0.0
BMP6,0.0
BMP5,0.0
BMP4,0.0
BMP3,0.0
BMP2K,0.0
BMP2,0.0
BMP15,0.0
BMP10,0.0
BMP1,0.0
BMI1,0.0
BMF,0.0
BLVRB,0.0
BLM,0.0
BLK,0.0
BIRC7,0.0
BNIP3,0.0
BOK,0.0
BIRC5,0.0
BOLL,0.0
BTAF1,0.0
BST2,0.0
BST1,0.0
BSPH1,0.0
BSG,0.0
BSCL2,0.0
BRSK1,0.0
BRS3,0.0
BROX,0.0
BRK1,0.0
BRIP1,0.0
BRD7,0.0
BRD4,0.0
BRD3,0.0
BRCC3,0.0
BRCA2,0.0
BRAT1,0.0
BRAP,0.0
BPTF,0.0
BPIFA1,0.0
BPHL,0.0
BIRC6,0.0
BIRC3,0.0
BTG2,0.0
BCKDHA,0.0
BCAT1,0.0
BCAR3,0.0
BCAR1,0.0
BCAP31,0.0
BCAN,0.0
BBS4,0.0
BBOX1,0.0
BBC3,0.0
BAZ2B,0.0
BAZ2A,0.0
BAZ1B,0.0
BAX,0.0
BATF2,0.0
BARD1,0.0
BAP1,0.0
BAIAP2L2,0.0
BAIAP2,0.0
BAG6,0.0
BAG5,0.0
BAG4,0.0
BAG3,0.0
BCAT2,0.0
BCKDHB,0.0
BIN1,0.0
BCL2A1,0.0
BIK,0.0
BID,0.0
BICRA,0.0
BICC1,0.0
BHMT2,0.0
BHMT,0.0
BHLHE41,0.0
BHLHE22,0.0
BGN,0.0
BGLAP,0.0
BECN1,0.0
BDNF,0.0
BDH2,0.0
BCR,0.0
BCO2,0.0
BCO1,0.0
BCL9,0.0
BCL3,0.0
BCL2L2,0.0
BCL2L14,0.0
BCL2L11,0.0
BTBD2,0.0
BTG3,0.0
BACE1,0.0
CAMK2B,0.0
CAMK1,0.0
CALY,0.0
CALR3,0.0
CALN1,0.0
CALML6,0.0
CALML5,0.0
CALML4,0.0
CALML3,0.0
CALM3,0.0
CALD1,0.0
CALCRL,0.0
CALCR,0.0
CALCA,0.0
CALB2,0.0
CALB1,0.0
CADPS,0.0
CAD,0.0
CACUL1,0.0
CACNG2,0.0
CACNG1,0.0
CACNB4,0.0
CAMK1G,0.0
CAMK2G,0.0
CACNB2,0.0
CAMK4,0.0
CARS1,0.0
CARNS1,0.0
CARMIL2,0.0
CARMIL1,0.0
CARM1,0.0
CARD17,0.0
CAPZA3,0.0
CAPZA2,0.0
CAPZA1,0.0
CAPS2,0.0
CAPNS2,0.0
CAPN9,0.0
CAPN8,0.0
CAPN3,0.0
CAPN2,0.0
CAPN13,0.0
CAPN11,0.0
CANT1,0.0
CAND2,0.0
CAMKV,0.0
CAMKMT,0.0
CACNB3,0.0
CACNB1,0.0
BTN1A1,0.0
CA2,0.0
CA13,0.0
CA12,0.0
CA11,0.0
C5AR1,0.0
C5,0.0
C4BPB,0.0
C4BPA,0.0
C4B,0.0
C4A,0.0
C3AR1,0.0
C3,0.0
C2,0.0
C1orf56,0.0
C1RL,0.0
C17orf64,0.0
C16orf58,0.0
BUD23,0.0
BUB1B,0.0
BTRC,0.0
BTN3A1,0.0
BTN2A1,0.0
CA14,0.0
CA3,0.0
CACNA2D4,0.0
CA4,0.0
CACNA2D3,0.0
CACNA2D2,0.0
CACNA2D1,0.0
CACNA1S,0.0
CACNA1I,0.0
CACNA1H,0.0
CACNA1G,0.0
CACNA1F,0.0
CACNA1D,0.0
CACNA1C,0.0
CACHD1,0.0
CABP7,0.0
CABP5,0.0
CABP4,0.0
CABP2,0.0
CABP1,0.0
CAB39,0.0
CA9,0.0
CA8,0.0
CA7,0.0
CA5B,0.0
BACE2,0.0
BABAM2,0.0
APOC3,0.0
AS3MT,0.0
ARVCF,0.0
ARTN,0.0
ART5,0.0
ARSK,0.0
ARSJ,0.0
ARSI,0.0
ARSH,0.0
ARSG,0.0
ARSD,0.0
ARSB,0.0
ARSA,0.0
ARRDC3,0.0
ARR3,0.0
ARPC4-TTLL3,0.0
ARPC4,0.0
ARPC2,0.0
ARNTL2,0.0
ARNT,0.0
ARMT1,0.0
ARMS2,0.0
ARL6IP5,0.0
ARX,0.0
ASAH1,0.0
ARL5B,0.0
ASAH2,0.0
ASIC1,0.0
ASH2L,0.0
ASGR1,0.0
ASF1B,0.0
ASF1A,0.0
ASCL1,0.0
ASCC3,0.0
ASB9,0.0
ASB7,0.0
ASB6,0.0
ASB5,0.0
ASB4,0.0
ASB2,0.0
ASB18,0.0
ASB16,0.0
ASB14,0.0
ASB13,0.0
ASB12,0.0
ASB11,0.0
ASB10,0.0
ASB1,0.0
ARL5C,0.0
ARL5A,0.0
ASIC3,0.0
ARF5,0.0
ARF3,0.0
AREL1,0.0
ARAP3,0.0
AR,0.0
AQR,0.0
AQP9,0.0
AQP8,0.0
AQP7,0.0
AQP6,0.0
AQP5,0.0
AQP3,0.0
AQP2,0.0
AQP10,0.0
AQP1,0.0
APRT,0.0
APPBP2,0.0
APP,0.0
APOM,0.0
APOH,0.0
APOE,0.0
APOD,0.0
ARF4,0.0
ARF6,0.0
ARL4D,0.0
ARG2,0.0
ARL3,0.0
ARL2,0.0
ARL17A,0.0
ARL14,0.0
ARL13B,0.0
ARL13A,0.0
ARL11,0.0
ARID5B,0.0
ARID4B,0.0
ARID4A,0.0
ARID1A,0.0
ARHGEF6,0.0
ARHGEF25,0.0
ARHGEF16,0.0
ARHGEF12,0.0
ARHGEF1,0.0
ARHGAP6,0.0
ARHGAP5,0.0
ARHGAP20,0.0
ARHGAP19,0.0
ARHGAP1,0.0
ASIC2,0.0
ASIC5,0.0
BAAT,0.0
ATXN7L1,0.0
ATRX,0.0
ATRIP,0.0
ATR,0.0
ATPAF2,0.0
ATP8B4,0.0
ATP8B3,0.0
ATP8A2,0.0
ATP8A1,0.0
ATP7B,0.0
ATP7A,0.0
ATP6V1H,0.0
ATP6V1G2,0.0
ATP6V1G1,0.0
ATP6V1F,0.0
ATP6V1E2,0.0
ATP6V1E1,0.0
ATP6V1D,0.0
ATP6V1B2,0.0
ATP6V1B1,0.0
ATP6V1A,0.0
ATP6V0D2,0.0
ATXN2L,0.0
ATXN7L2,0.0
ATP6V0C,0.0
ATXN7L3,0.0
B4GALT7,0.0
B4GALT5,0.0
B4GALT1,0.0
B4GALNT2,0.0
B4E1Z4_HUMAN,0.0
B3GNTL1,0.0
B3GNT3,0.0
B3GAT3,0.0
AZU1,0.0
AZGP1,0.0
AXL,0.0
AXIN2,0.0
AXIN1,0.0
AWAT2,0.0
AWAT1,0.0
AVPR1B,0.0
AVPI1,0.0
AVP,0.0
AURKC,0.0
AURKA,0.0
AUH,0.0
ATP6V0D1,0.0
ATP6V0A1,0.0
ASL,0.0
ATG4B,0.0
ATG3,0.0
ATG12,0.0
ATG10,0.0
ATF6B,0.0
ATF6,0.0
ATF5,0.0
ATF4,0.0
ATF3,0.0
ATF2,0.0
ATF1,0.0
ATAD2B,0.0
ATAD2,0.0
ASZ1,0.0
ASTL,0.0
ASPRV1,0.0
ASPN,0.0
ASPH,0.0
ASPDH,0.0
ASNSD1,0.0
ASMTL,0.0
ASMT,0.0
ATG4A,0.0
ATG4C,0.0
ATP5MF-PTCD1,0.0
ATG4D,0.0
ATP5MC3,0.0
ATP5IF1,0.0
ATP5F1E,0.0
ATP5F1D,0.0
ATP5F1C,0.0
ATP5F1B,0.0
ATP4B,0.0
ATP4A,0.0
ATP2B4,0.0
ATP2B3,0.0
ATP2A3,0.0
ATP2A2,0.0
ATP2A1,0.0
ATP1A4,0.0
ATP1A2,0.0
ATP13A2,0.0
ATP13A1,0.0
ATP12A,0.0
ATP11C,0.0
ATP11B,0.0
ATG7,0.0
DSC2,0.0
DSG1,0.0
DSG2,0.0
IDH3G,0.0
IFIT1,0.0
IFI44,0.0
IFI30,0.0
IFI27L2,0.0
IFI16,0.0
IDS,0.0
IDO2,0.0
IDNK,0.0
IDI2,0.0
IDI1,0.0
IDH3A,0.0
GUF1,0.0
IDH2,0.0
IDE,0.0
ID2,0.0
ID1,0.0
ICMT,0.0
ICAM5,0.0
ICAM1,0.0
IBSP,0.0
IARS1,0.0
IAPP,0.0
IFIT1B,0.0
IFIT3,0.0
IFIT5,0.0
IFNA1,0.0
IGFBP2,0.0
IGFBP1,0.0
IGFALS,0.0
IGF2R,0.0
IGF2BP3,0.0
IGF2BP1,0.0
IGF2,0.0
IGDCC4,0.0
IGDCC3,0.0
IFT88,0.0
IFNLR1,0.0
IFNL2,0.0
IFNL1,0.0
IFNG,0.0
IFNB1,0.0
IFNAR1,0.0
IFNA8,0.0
IFNA6,0.0
IFNA4,0.0
IFNA2,0.0
IFNA17,0.0
IAH1,0.0
I6L893_HUMAN,0.0
HYKK,0.0
HSPA1B,0.0
HSP90B1,0.0
HSP90AA1,0.0
HSFY2,0.0
HSFY1,0.0
HSFX1,0.0
HSF2,0.0
HSF1,0.0
HSDL2,0.0
HSD3B7,0.0
HSD3B1,0.0
HSD17B8,0.0
HSD17B7,0.0
HSD17B3,0.0
HSD17B2,0.0
HSD17B14,0.0
HSD17B13,0.0
HSD17B12,0.0
HSD17B11,0.0
HSD17B10,0.0
HSD11B2,0.0
HSCB,0.0
HSPA1A,0.0
HSPA1L,0.0
HYAL1,0.0
HSPA4,0.0
HUS1,0.0
HUNK,0.0
HTT,0.0
HTRA3,0.0
HTRA2,0.0
HTRA1,0.0
HTR4,0.0
HTR3D,0.0
HTR3C,0.0
HTR3B,0.0
HTR3A,0.0
HTATIP2,0.0
HSPG2,0.0
HSPD1,0.0
HSPB6,0.0
HSPB3,0.0
HSPB1,0.0
HSPA9,0.0
HSPA6,0.0
HSPA5,0.0
HSPA4L,0.0
IGFBP3,0.0
IGFBP4,0.0
IGFBP5,0.0
IQGAP1,0.0
IPPK,0.0
IPP,0.0
IP6K3,0.0
INVS,0.0
INTS9,0.0
INSRR,0.0
INSR,0.0
INSL4,0.0
INPP5E,0.0
INPP5B,0.0
INMT,0.0
INHBE,0.0
INHBC,0.0
INHBB,0.0
INHBA,0.0
INHA,0.0
INCENP,0.0
INA,0.0
IMPG1,0.0
IMPDH2,0.0
IMPDH1,0.0
IQCB1,0.0
IRAK1,0.0
IMPA1,0.0
IRAK2,0.0
ITGA4,0.0
ITGA2B,0.0
ITGA2,0.0
ITGA1,0.0
ISYNA1,0.0
ISX,0.0
ISLR2,0.0
ISLR,0.0
ISL2,0.0
ISL1,0.0
ISG20L2,0.0
ISG20,0.0
ISCU,0.0
ISCA2,0.0
IRS4,0.0
IRS2,0.0
IRF6,0.0
IRF4,0.0
IRF1,0.0
IREB2,0.0
IRAK3,0.0
IMPA2,0.0
IMP3,0.0
IGFBP6,0.0
IL1B,0.0
IL18RAP,0.0
IL18,0.0
IL17RD,0.0
IL17RB,0.0
IL17F,0.0
IL16,0.0
IL15,0.0
IL13,0.0
IL12B,0.0
IL12A,0.0
IL11,0.0
IL10RB,0.0
IL10,0.0
IKZF1,0.0
IKBKB,0.0
IK,0.0
IHH,0.0
IGSF22,0.0
IGSF10,0.0
IGLL5,0.0
IGFN1,0.0
IL1A,0.0
IL1R2,0.0
IMMT,0.0
IL1RN,0.0
IMMP1L,0.0
ILVBL,0.0
ILKAP,0.0
ILF3,0.0
ILF2,0.0
IL9,0.0
IL7R,0.0
IL7,0.0
IL6R,0.0
IL5,0.0
IL4,0.0
IL3RA,0.0
IL36RN,0.0
IL31,0.0
IL3,0.0
IL2RG,0.0
IL2RA,0.0
IL27,0.0
IL24,0.0
IL21R,0.0
IL2,0.0
HS3ST3A1,0.0
HRK,0.0
HRH4,0.0
HASPIN,0.0
HAS2,0.0
HAS1,0.0
HARS1,0.0
HAO1,0.0
HAL,0.0
HAGHL,0.0
HAGH,0.0
HADHB,0.0
HADHA,0.0
HACL1,0.0
HACE1,0.0
HABP2,0.0
HAAO,0.0
H7C417_HUMAN,0.0
H7C0V5_HUMAN,0.0
H7C0S8_HUMAN,0.0
H4C6,0.0
H4C3,0.0
H4C2,0.0
H4C11,0.0
H3C13,0.0
HAS3,0.0
HBA1,0.0
H3-4,0.0
HBA2,0.0
HDAC4,0.0
HDAC3,0.0
HDAC2,0.0
HDAC11,0.0
HDAC10,0.0
HDAC1,0.0
HCRT,0.0
HCN4,0.0
HCN2,0.0
HCLS1,0.0
HCK,0.0
HCAR3,0.0
HCAR2,0.0
HBZ,0.0
HBS1L,0.0
HBQ1,0.0
HBM,0.0
HBG2,0.0
HBG1,0.0
HBEGF,0.0
HBE1,0.0
H3BNX3_HUMAN,0.0
H3-3B,0.0
HDAC7,0.0
H2AC1,0.0
H1-6,0.0
H1-5,0.0
H1-2,0.0
H1-1,0.0
H1-0,0.0
H0YJX3_HUMAN,0.0
H0YIV9_HUMAN,0.0
H0YIN7_HUMAN,0.0
H0YCG3_HUMAN,0.0
H0Y858_HUMAN,0.0
GZMM,0.0
GZMK,0.0
GZMH,0.0
GZMB,0.0
GZMA,0.0
GYS2,0.0
GYPE,0.0
GYPB,0.0
GYPA,0.0
GYG1,0.0
GUSB,0.0
H2AB2,0.0
H2AC11,0.0
H2BW2,0.0
H2AC12,0.0
H2BW1,0.0
H2BC7,0.0
H2BC5,0.0
H2BC4,0.0
H2BC21,0.0
H2BC18,0.0
H2BC13,0.0
H2BC12,0.0
H2BC10,0.0
H2BC1,0.0
H2AZ2,0.0
H2AZ1,0.0
H2AW,0.0
H2AC8,0.0
H2AC7,0.0
H2AC21,0.0
H2AC20,0.0
H2AC18,0.0
H2AC17,0.0
H2AC14,0.0
H2AC13,0.0
HDAC5,0.0
HDAC8,0.0
HRH3,0.0
HOMER1,0.0
HNRNPM,0.0
HNRNPL,0.0
HNRNPD,0.0
HNRNPCL1,0.0
HNRNPA3,0.0
HNRNPA2B1,0.0
HNRNPA1,0.0
HNMT,0.0
HNF4A,0.0
HMSD,0.0
HMMR,0.0
HMGN2,0.0
HMGN1,0.0
HMGCS2,0.0
HMGCS1,0.0
HMGCR,0.0
HMGCLL1,0.0
HMGCL,0.0
HMGB2,0.0
HMCN1,0.0
HLF,0.0
HOGA1,0.0
HOMER2,0.0
HLA-E,0.0
HOOK1,0.0
HRH2,0.0
HRG,0.0
HPX,0.0
HPRT1,0.0
HPN,0.0
HPGD,0.0
HPDL,0.0
HPD,0.0
HPCA,0.0
HP,0.0
HOXD13,0.0
HOXB8,0.0
HOXB2,0.0
HOXB13,0.0
HOXB1,0.0
HOXA9,0.0
HOXA2,0.0
HOXA11,0.0
HOXA10,0.0
HORMAD1,0.0
HOPX,0.0
HLA-F,0.0
HLA-DRB5,0.0
HDAC9,0.0
HGS,0.0
HGD,0.0
HFM1,0.0
HFE,0.0
HEXD,0.0
HEXB,0.0
HES5,0.0
HES4,0.0
HES1,0.0
HEPHL1,0.0
HEPH,0.0
HENMT1,0.0
HELZ2,0.0
HECTD3,0.0
HECTD1,0.0
HECA,0.0
HEBP1,0.0
HDHD5,0.0
HDHD3,0.0
HDHD2,0.0
HDGFL3,0.0
HDDC2,0.0
HGF,0.0
HGSNAT,0.0
HLA-DRB1,0.0
HHEX,0.0
HLA-DRA,0.0
HLA-DQA1,0.0
HLA-DPB1,0.0
HLA-DOA,0.0
HLA-C,0.0
HKDC1,0.0
HK3,0.0
HK2,0.0
HJV,0.0
HJURP,0.0
HIPK4,0.0
HIPK3,0.0
HIPK2,0.0
HIP1R,0.0
HINT2,0.0
HIF3A,0.0
HIC1,0.0
HIBCH,0.0
HIBADH,0.0
HHIPL2,0.0
HHIPL1,0.0
ITGA5,0.0
ITGAD,0.0
ITGAV,0.0
LAMC2,0.0
LALBA,0.0
LAIR2,0.0
LACTBL1,0.0
LACTB2,0.0
LACTB,0.0
L7N2F9_HUMAN,0.0
L3HYPDH,0.0
L1TD1,0.0
KYNU,0.0
KYAT3,0.0
KRTAP5-9,0.0
KRT9,0.0
KRT83,0.0
KRT74,0.0
KRT73,0.0
KRT72,0.0
KRT71,0.0
KRT7,0.0
KRT24,0.0
KRT19,0.0
KRT16,0.0
LAMA3,0.0
LAMP1,0.0
KRT13,0.0
LAMP3,0.0
LFNG,0.0
LEPR,0.0
LEO1,0.0
LEMD3,0.0
LEMD2,0.0
LEFTY2,0.0
LEFTY1,0.0
LDLRAD3,0.0
LDLR,0.0
LDHD,0.0
LDHAL6B,0.0
LDHAL6A,0.0
LCTL,0.0
LCT,0.0
LCMT2,0.0
LCMT1,0.0
LCLAT1,0.0
LCAT,0.0
LARS1,0.0
LAP3,0.0
LAMTOR5,0.0
KRT14,0.0
KRT12,0.0
LGALS3,0.0
KLK2,0.0
KLK13,0.0
KLK12,0.0
KLK11,0.0
KLK10,0.0
KLK1,0.0
KLHL9,0.0
KLHL8,0.0
KLHL7,0.0
KLHL6,0.0
KLHL5,0.0
KLHL41,0.0
KLHL40,0.0
KLHL4,0.0
KLHL38,0.0
KLHL36,0.0
KLHL35,0.0
KLHL34,0.0
KLHL31,0.0
KLHL30,0.0
KLHL3,0.0
KLHL29,0.0
KLK15,0.0
KLK3,0.0
KRT10,0.0
KLK4,0.0
KRT1,0.0
KPNA7,0.0
KPNA6,0.0
KPNA4,0.0
KPNA3,0.0
KPNA1,0.0
KNL1,0.0
KMT5C,0.0
KMT5B,0.0
KMT2D,0.0
KMT2C,0.0
KMT2A,0.0
KMO,0.0
KLRK1,0.0
KLRG2,0.0
KLRF2,0.0
KLRD1,0.0
KLRB1,0.0
KLKB1,0.0
KLK8,0.0
KLK5,0.0
LGALS1,0.0
LGALS9,0.0
KLHL25,0.0
LRP5,0.0
LRP3,0.0
LRP2BP,0.0
LRP1B,0.0
LRP1,0.0
LRIT1,0.0
LRIG3,0.0
LRIG1,0.0
LRGUK,0.0
LRG1,0.0
LRFN5,0.0
LRFN4,0.0
LRFN3,0.0
LRFN2,0.0
LRFN1,0.0
LRCH1,0.0
LPXN,0.0
LPO,0.0
LPIN2,0.0
LPCAT1,0.0
LPAR3,0.0
LPA,0.0
LRP4,0.0
LRP6,0.0
LOXL3,0.0
LRP8,0.0
LRRC66,0.0
LRRC63,0.0
LRRC58,0.0
LRRC57,0.0
LRRC53,0.0
LRRC52,0.0
LRRC4C,0.0
LRRC47,0.0
LRRC4,0.0
LRRC38,0.0
LRRC30,0.0
LRRC28,0.0
LRRC26,0.0
LRRC24,0.0
LRRC19,0.0
LRRC18,0.0
LRRC17,0.0
LRRC10B,0.0
LRRC10,0.0
LRRC1,0.0
LRR1,0.0
LOXL4,0.0
LOXL2,0.0
LGR4,0.0
LIPF,0.0
LIPC,0.0
LIPA,0.0
LINGO4,0.0
LINGO1,0.0
LIN7B,0.0
AACS,0.0
LIMK2,0.0
LIMK1,0.0
LIMD2,0.0
LIG3,0.0
LIG1,0.0
LIF,0.0
LHX9,0.0
LHX8,0.0
LHX6,0.0
LHX5,0.0
LHX2,0.0
LHPP,0.0
LGSN,0.0
LGR6,0.0
LGR5,0.0
LIPE,0.0
LIPG,0.0
LOXL1,0.0
LIPJ,0.0
LOX,0.0
LONRF3,0.0
LONRF2,0.0
LNX1,0.0
LNPEP,0.0
LMX1B,0.0
LMO2,0.0
LMO1,0.0
LMNTD2,0.0
LMNTD1,0.0
LMNB1,0.0
LMNA,0.0
LMF1,0.0
LMAN2L,0.0
LMAN2,0.0
LMAN1,0.0
LLGL2,0.0
LIPT2,0.0
LIPN,0.0
LIPM,0.0
LIPK,0.0
KLHL26,0.0
KLHL22,0.0
ITGB1BP2,0.0
KCNG4,0.0
KCNG2,0.0
KCNG1,0.0
KCNF1,0.0
KCNE2,0.0
KCND3,0.0
KCND2,0.0
KCND1,0.0
KCNC4,0.0
KCNC3,0.0
KCNC2,0.0
KCNC1,0.0
KCNB2,0.0
KCNB1,0.0
KCNAB3,0.0
KCNAB2,0.0
KCNAB1,0.0
KCNA7,0.0
KCNA6,0.0
KCNA4,0.0
KCNA3,0.0
KCNA10,0.0
KCNG3,0.0
KCNH1,0.0
KBTBD8,0.0
KCNH3,0.0
KCNK18,0.0
KCNK17,0.0
KCNK16,0.0
KCNK13,0.0
KCNK12,0.0
KCNK1,0.0
KCNJ9,0.0
KCNJ4,0.0
KCNJ3,0.0
KCNJ2,0.0
KCNJ13,0.0
KCNJ11,0.0
KCNJ1,0.0
KCNIP4,0.0
KCNIP3,0.0
KCNIP2,0.0
KCNH8,0.0
KCNH7,0.0
KCNH6,0.0
KCNH5,0.0
KCNH4,0.0
KCNA1,0.0
KBTBD3,0.0
KCNK3,0.0
JARID2,0.0
JAG2,0.0
JAG1,0.0
J3KR12_HUMAN,0.0
IYD,0.0
IVNS1ABP,0.0
ITPR3,0.0
ITPR2,0.0
ITPR1,0.0
ITPKA,0.0
ITPK1,0.0
ITPA,0.0
ITK,0.0
ITIH6,0.0
ITIH4,0.0
ITIH3,0.0
ITIH2,0.0
ITIH1,0.0
ITGBL1,0.0
ITGB7,0.0
ITGB5,0.0
ITGB4,0.0
JAK2,0.0
JMJD6,0.0
KBTBD2,0.0
JPH1,0.0
KATNAL2,0.0
KATNAL1,0.0
KAT8,0.0
KAT7,0.0
KAT6B,0.0
KAT6A,0.0
KAT5,0.0
KAT2B,0.0
KAT2A,0.0
KARS1,0.0
KANK4,0.0
KANK3,0.0
KALRN,0.0
K7N7A8_HUMAN,0.0
K7ESF4_HUMAN,0.0
K7ERQ8_HUMAN,0.0
K7EN84_HUMAN,0.0
JUND,0.0
JUNB,0.0
JUN,0.0
JPH2,0.0
KCNK2,0.0
KCNK5,0.0
KLHL21,0.0
KISS1,0.0
KIRREL2,0.0
KIRREL1,0.0
KIR2DL3,0.0
KIFC2,0.0
KIFC1,0.0
KIFAP3,0.0
KIF7,0.0
KIF6,0.0
KIF5C,0.0
KIF5B,0.0
KIF5A,0.0
KIF4B,0.0
KIF4A,0.0
KIF3C,0.0
KIF3B,0.0
KIF2C,0.0
KIF2B,0.0
KIF2A,0.0
KIF27,0.0
KIF26B,0.0
KIF26A,0.0
KIRREL3,0.0
KISS1R,0.0
KIF22,0.0
KIT,0.0
KLHL20,0.0
KLHL2,0.0
KLHL18,0.0
KLHL17,0.0
KLHL15,0.0
KLHL14,0.0
KLHL12,0.0
KLHL10,0.0
KLHL1,0.0
KLF9,0.0
KLF6,0.0
KLF5,0.0
KLF4,0.0
KLF2,0.0
KLF16,0.0
KLF11,0.0
KLC4,0.0
KLC3,0.0
KLC1,0.0
KLB,0.0
KL,0.0
KIF23,0.0
KIF21A,0.0
KCNK6,0.0
KDM4C,0.0
KDM3B,0.0
KDM2B,0.0
KDM2A,0.0
KDM1B,0.0
KDM1A,0.0
KCTD19,0.0
KCNV2,0.0
KCNU1,0.0
KCNT2,0.0
KCNT1,0.0
KCNS2,0.0
KCNQ5,0.0
KCNQ4,0.0
KCNQ3,0.0
KCNQ2,0.0
KCNQ1,0.0
KCNN2,0.0
KCNMB4,0.0
KCNMB3,0.0
KCNMB1,0.0
KCNK7,0.0
KDM4A,0.0
KDM4D,0.0
KIF20A,0.0
KDM4E,0.0
KIF1C,0.0
KIF1B,0.0
KIF19,0.0
KIF18A,0.0
KIF17,0.0
KIF16B,0.0
KIF15,0.0
KIF14,0.0
KIF13B,0.0
KIF13A,0.0
KIF12,0.0
KIF11,0.0
KIDINS220,0.0
KIAA1324,0.0
KIAA1109,0.0
KERA,0.0
KEL,0.0
KDM7A,0.0
KDM6B,0.0
KDM6A,0.0
KDM5A,0.0
GUK1,0.0
GUCY2F,0.0
DSP,0.0
F5,0.0
FABP1,0.0
FAAP24,0.0
FAAH2,0.0
FAAH,0.0
FA2H,0.0
F9,0.0
F8W031_HUMAN,0.0
F8,0.0
F7,0.0
F5H5P2_HUMAN,0.0
F3,0.0
GUCY2D,0.0
F2RL3,0.0
F2RL2,0.0
F2RL1,0.0
F2R,0.0
F2,0.0
F13B,0.0
F13A1,0.0
F12,0.0
F11,0.0
F10,0.0
FABP12,0.0
FABP2,0.0
FABP3,0.0
FABP4,0.0
FANCG,0.0
FANCD2,0.0
FANCC,0.0
FAM91A1,0.0
FAM50A,0.0
FAM3B,0.0
FAM20C,0.0
FAM20B,0.0
FAM20A,0.0
FAM155B,0.0
FAM151B,0.0
FAM102A,0.0
FAHD2A,0.0
FAHD1,0.0
FADS3,0.0
FADS2,0.0
FADS1,0.0
FADD,0.0
FABP9,0.0
FABP6,0.0
FABP5,0.0
EZR,0.0
EZH2,0.0
EZH1,0.0
ETHE1,0.0
ETFA,0.0
ESX1,0.0
ESS2,0.0
ESRRB,0.0
ESR2,0.0
ESPNL,0.0
ESPL1,0.0
ESF1,0.0
ESD,0.0
ESCO2,0.0
ESCO1,0.0
ERRFI1,0.0
ERP44,0.0
ERP29,0.0
ERP27,0.0
ERO1B,0.0
ERO1A,0.0
ERN2,0.0
ERN1,0.0
ERMP1,0.0
ERI3,0.0
ETFDH,0.0
ETNPPL,0.0
EYA3,0.0
ETS1,0.0
EYA2,0.0
EXTL3,0.0
EXTL2,0.0
EXOSC9,0.0
EXOSC8,0.0
EXOSC7,0.0
EXOSC6,0.0
EXOSC5,0.0
EXOSC4,0.0
EXOSC3,0.0
EXOSC2,0.0
EXOSC10,0.0
EXOSC1,0.0
EXOG,0.0
EWSR1,0.0
EVPLL,0.0
EVA1C,0.0
ETV6,0.0
ETV5,0.0
ETV3,0.0
ETS2,0.0
FANCI,0.0
FANCL,0.0
FANCM,0.0
FKBP10,0.0
FIP1L1,0.0
FIG4,0.0
FIBCD1,0.0
FH,0.0
FGG,0.0
FGFR4,0.0
FGFR3,0.0
FGFR2,0.0
FGFR1OP2,0.0
FGFR1OP,0.0
FGF9,0.0
FGF8,0.0
FGF7,0.0
FGF6,0.0
FGF5,0.0
FGF4,0.0
FGF3,0.0
FGF23,0.0
FGF20,0.0
FGF2,0.0
FGF19,0.0
FIS1,0.0
FKBP11,0.0
FGF17,0.0
FKBP14,0.0
FMO1,0.0
FMN2,0.0
FLVCR2,0.0
FLT3,0.0
FLT1,0.0
FLOT2,0.0
FLOT1,0.0
FLNC,0.0
FLNB,0.0
FLNA,0.0
FLII,0.0
FLG,0.0
FLAD1,0.0
FKTN,0.0
FKBPL,0.0
FKBP7,0.0
FKBP6,0.0
FKBP4,0.0
FKBP3,0.0
FKBP1C,0.0
FKBP1B,0.0
FGF18,0.0
FGF11,0.0
FANK1,0.0
FCER2,0.0
FCAR,0.0
FBXO7,0.0
FBXO45,0.0
FBXO32,0.0
FBXO3,0.0
FBXL20,0.0
FBXL2,0.0
FBP2,0.0
FBN3,0.0
FBN1,0.0
FBLN5,0.0
FBH1,0.0
FAXDC2,0.0
FAT2,0.0
FAT1,0.0
FASN,0.0
FASLG,0.0
FARSB,0.0
FARSA,0.0
FAR1,0.0
FAP,0.0
FCER1A,0.0
FCGR1B,0.0
FGF10,0.0
FCGR2A,0.0
FGB,0.0
FFAR4,0.0
FFAR3,0.0
FFAR1,0.0
FEZF2,0.0
FEV,0.0
FES,0.0
FERMT3,0.0
FERMT2,0.0
FERMT1,0.0
FER,0.0
FEN1,0.0
FEM1C,0.0
FEM1B,0.0
FEM1A,0.0
FDX2,0.0
FDX1,0.0
FDPS,0.0
FCN2,0.0
FCN1,0.0
FCGR2B,0.0
ERI2,0.0
ERI1,0.0
EREG,0.0
EEF1A2,0.0
EDNRB,0.0
EDNRA,0.0
EDN3,0.0
EDN2,0.0
EDN1,0.0
EDIL3,0.0
EDF1,0.0
EDEM1,0.0
EDC4,0.0
ECRG4,0.0
ECM2,0.0
ECI2,0.0
ECI1,0.0
ECHS1,0.0
ECHDC2,0.0
ECHDC1,0.0
ECH1,0.0
ECEL1,0.0
ECE2-2,0.0
ECE1,0.0
EBPL,0.0
EEA1,0.0
EEF1AKNMT,0.0
EBF4,0.0
EEF1E1,0.0
EGR3,0.0
EGR2,0.0
EGR1,0.0
EGLN3,0.0
EGLN1,0.0
EGFLAM,0.0
EGF,0.0
EFTUD2,0.0
EFS,0.0
EFHD1,0.0
EFEMP2,0.0
EFCAB9,0.0
EFCAB7,0.0
EFCAB6,0.0
EFCAB3,0.0
EFCAB2,0.0
EFCAB13,0.0
EFCAB11,0.0
EFCAB1,0.0
EEFSEC,0.0
EEF1G,0.0
EBP,0.0
EBF3,0.0
EHHADH,0.0
DUSP4,0.0
DUSP26,0.0
DUSP23,0.0
DUSP21,0.0
DUSP2,0.0
DUSP19,0.0
DUSP18,0.0
DUSP12,0.0
DUSP11,0.0
DUSP10,0.0
DUSP1,0.0
DUS4L,0.0
DUS1L,0.0
DUPD1,0.0
DUOX2,0.0
DUOX1,0.0
DTYMK,0.0
DTX3L,0.0
DTNBP1,0.0
DTD2,0.0
DSTYK,0.0
DSTN,0.0
DUSP3,0.0
DUSP5,0.0
EBF2,0.0
DUSP6,0.0
EBF1,0.0
EAF2,0.0
E9PSI1_HUMAN,0.0
E9PMD0_HUMAN,0.0
E9PLN8_HUMAN,0.0
E7ENX8_HUMAN,0.0
E7ENQ6_HUMAN,0.0
E2F6,0.0
E2F5,0.0
E2F4,0.0
E2F3,0.0
E2F2,0.0
E2F1,0.0
DYSF,0.0
DYNLT3,0.0
DYNLT1,0.0
DVL3,0.0
DVL2,0.0
DUT,0.0
DUSP9,0.0
DUSP7,0.0
EHBP1,0.0
EHMT1,0.0
ERCC8,0.0
EPHA8,0.0
EPHA6,0.0
EPHA4,0.0
EPHA3,0.0
EPHA2,0.0
EPHA10,0.0
EPHA1,0.0
EPCAM,0.0
EPB41L1,0.0
EPB41,0.0
EPAS1,0.0
EP300,0.0
ENTPD8,0.0
ENTPD7,0.0
ENTPD6,0.0
ENTPD5,0.0
ENTPD4,0.0
ENTPD3,0.0
ENTPD2,0.0
ENTPD1,0.0
ENTHD1,0.0
ENSP00000451560,0.0
EPHA7,0.0
EPHB1,0.0
ENSP00000359685,0.0
EPHB3,0.0
ERCC6,0.0
ERCC4,0.0
ERCC3,0.0
ERCC2,0.0
ERBB4,0.0
ERBB3,0.0
ERAS,0.0
ERAP2,0.0
ERAL1,0.0
EQTN,0.0
EPYC,0.0
EPX,0.0
EPRS1,0.0
EPOR,0.0
EPO,0.0
EPN3,0.0
EPN2,0.0
EPN1,0.0
EPM2A,0.0
EPHX2,0.0
EPHB4,0.0
ENSP00000441269,0.0
ENPP4,0.0
EI24,0.0
ELL3,0.0
ELF3,0.0
ELAVL1,0.0
ELAC2,0.0
ELAC1,0.0
EIF5B,0.0
EIF5A2,0.0
EIF5A,0.0
EIF4H,0.0
EIF4E,0.0
EIF4A2,0.0
EIF4A1,0.0
EIF3I,0.0
EIF3A,0.0
EIF2S2,0.0
EIF2S1,0.0
EIF2AK4,0.0
EIF2AK3,0.0
EIF2AK2,0.0
EIF2A,0.0
EIF1AY,0.0
EIF1AX,0.0
ELF5,0.0
ELOB,0.0
ENPP2,0.0
ELOVL2,0.0
ENPEP,0.0
ENOX2,0.0
ENOPH1,0.0
ENO4,0.0
ENO3,0.0
ENG,0.0
ENDOG,0.0
ENAM,0.0
EN2,0.0
EN1,0.0
EMP2,0.0
EMP1,0.0
EML4,0.0
EMC2,0.0
EMB,0.0
ELP6,0.0
ELP3,0.0
ELP2,0.0
ELP1,0.0
ELOVL4,0.0
ELOVL3,0.0
FMO2,0.0
FMO3,0.0
FMO4,0.0
GOLGA8Q,0.0
GOLGA8N,0.0
GOLGA8M,0.0
GOLGA8K,0.0
GOLGA8J,0.0
GOLGA8H,0.0
GOLGA8G,0.0
GOLGA8F,0.0
GOLGA8A,0.0
GOLGA6L4,0.0
GOLGA6L2,0.0
GOLGA6D,0.0
GOLGA6C,0.0
GOLGA6B,0.0
GOLGA6A,0.0
GOLGA2,0.0
GNS,0.0
GNRH2,0.0
GNPNAT1,0.0
GNPDA2,0.0
GNPAT,0.0
GNL3,0.0
GOLGA8O,0.0
GOLGA8R,0.0
GNGT1,0.0
GOLGA8S,0.0
GPI,0.0
GPHN,0.0
GPD2,0.0
GPD1L,0.0
GPD1,0.0
GPCPD1,0.0
GPC4,0.0
GPC3,0.0
GPC1,0.0
GPATCH2,0.0
GPAT4,0.0
GPAT3,0.0
GPAM,0.0
GP9,0.0
GP6,0.0
GP1BB,0.0
GP1BA,0.0
GOT1L1,0.0
GOPC,0.0
GOLPH3,0.0
GOLGA8T,0.0
GNL2,0.0
GNG8,0.0
GPR119,0.0
GNA12,0.0
GMPS,0.0
GMPR,0.0
GML,0.0
GM2A,0.0
GLYR1,0.0
GLYATL2,0.0
GLYATL1,0.0
GLYAT,0.0
GLUD2,0.0
GLUD1,0.0
GLTP,0.0
GLT6D1,0.0
GLS2,0.0
GLS,0.0
GLRX2,0.0
GLRB,0.0
GLRA4,0.0
GLRA3,0.0
GLRA2,0.0
GLRA1,0.0
GLP2R,0.0
GNA11,0.0
GNA13,0.0
GNG7,0.0
GNA14,0.0
GNG5,0.0
GNG3,0.0
GNG2,0.0
GNG13,0.0
GNG12,0.0
GNG11,0.0
GNG10,0.0
GNE,0.0
GNB5,0.0
GNB4,0.0
GNB3,0.0
GNB2,0.0
GNAT3,0.0
GNAT2,0.0
GNAT1,0.0
GNAS,0.0
GNAQ,0.0
GNAL,0.0
GNAI3,0.0
GNAI2,0.0
GNA15,0.0
GPN1,0.0
GPR132,0.0
GLO1,0.0
GSC,0.0
GRP,0.0
GRN,0.0
GRM7,0.0
GRM5,0.0
GRM3,0.0
GRM2,0.0
GRM1,0.0
GRK7,0.0
GRK5,0.0
GRK4,0.0
GRK3,0.0
GRK2,0.0
GRK1,0.0
GRIN3B,0.0
GRIN3A,0.0
GRIN2D,0.0
GRIN2C,0.0
GRIN2A,0.0
GRIN1,0.0
GRIK3,0.0
GRIK2,0.0
GRPR,0.0
GSC2,0.0
GRID2,0.0
GSK3A,0.0
GUCY2C,0.0
GUCY1A1,0.0
GUCA1C,0.0
GUCA1B,0.0
GUCA1A,0.0
GTPBP3,0.0
GTF2H1,0.0
GTF2F1,0.0
GSTT2B,0.0
GSTP1,0.0
GSTO2,0.0
GSTO1,0.0
GSTM5,0.0
GSTM2,0.0
GSTM1,0.0
GSTK1,0.0
GSTA3,0.0
GSTA1,0.0
GSR,0.0
GSPT1,0.0
GSK3B,0.0
GRID2IP,0.0
GRID1,0.0
GPR135,0.0
GPR52,0.0
GPR45,0.0
GPR4,0.0
GPR39,0.0
GPR37L1,0.0
GPR37,0.0
GPR3,0.0
GPR27,0.0
GPR26,0.0
GPR22,0.0
GPR21,0.0
GPR18,0.0
GPR176,0.0
GPR173,0.0
GPR151,0.0
GPR150,0.0
GPR15,0.0
GPR149,0.0
GPR148,0.0
GPR143,0.0
GPR142,0.0
GPR139,0.0
GPR50,0.0
GPR62,0.0
GRIA4,0.0
GPR63,0.0
GRHL1,0.0
GREM2,0.0
GRB7,0.0
GRB14,0.0
GPX8,0.0
GPX7,0.0
GPX6,0.0
GPX5,0.0
GPX4,0.0
GPX3,0.0
GPX2,0.0
GPT2,0.0
GPT,0.0
GPSM1,0.0
GPRC6A,0.0
GPRC5A,0.0
GPR88,0.0
GPR85,0.0
GPR83,0.0
GPR78,0.0
GPR65,0.0
GLP1R,0.0
GLMN,0.0
FMO5,0.0
GABPB2,0.0
GABBR2,0.0
GABBR1,0.0
GABARAPL2,0.0
GABARAP,0.0
GAA,0.0
G6PC2,0.0
G6PC,0.0
G3BP2,0.0
G0S2,0.0
FZD9,0.0
FZD8,0.0
FZD7,0.0
FZD6,0.0
FZD5,0.0
FZD4,0.0
FZD3,0.0
FZD2,0.0
FZD10,0.0
FZD1,0.0
FYN,0.0
FXR2,0.0
GABPB1,0.0
GABRA4,0.0
FUT6,0.0
GABRA6,0.0
GALNT3,0.0
GALNT2,0.0
GALNT12,0.0
GALNT10,0.0
GALNT1,0.0
GALNS,0.0
GALM,0.0
GALK2,0.0
GALC,0.0
GAK,0.0
GADL1,0.0
GADD45B,0.0
GAD1,0.0
GABRR2,0.0
GABRR1,0.0
GABRG2,0.0
GABRG1,0.0
GABRE,0.0
GABRD,0.0
GABRB2,0.0
GABRB1,0.0
FXR1,0.0
FUT4,0.0
GALNT6,0.0
FOXL1,0.0
FOXJ2,0.0
FOXI1,0.0
FOXH1,0.0
FOXG1,0.0
FOXE1,0.0
FOXD3,0.0
FOXA1,0.0
FOSL1,0.0
FOSB,0.0
FOS,0.0
FOLR2,0.0
FOLH1,0.0
FNTB,0.0
FNTA,0.0
FNDC5,0.0
FNDC1,0.0
FN3KRP,0.0
FN3K,0.0
FN1,0.0
FMR1,0.0
FMOD,0.0
FOXK2,0.0
FOXM1,0.0
FUT3,0.0
FOXO1,0.0
FUS,0.0
FUCA2,0.0
FUCA1,0.0
FUBP1,0.0
FTO,0.0
FTMT,0.0
FTL,0.0
FTHL17,0.0
FTH1,0.0
FST,0.0
FSCN1,0.0
FRZB,0.0
FRMD4B,0.0
FRMD4A,0.0
FREM3,0.0
FREM2,0.0
FRAT1,0.0
FPR3,0.0
FPGT-TNNI3K,0.0
FPGS,0.0
FOXO3,0.0
GALNT4,0.0
GALP,0.0
GLIS2,0.0
GHRHR,0.0
GGT7,0.0
GGT5,0.0
GGT2,0.0
GGT1,0.0
GGPS1,0.0
GGH,0.0
GGCX,0.0
GGCT,0.0
GGA2,0.0
GFRA2,0.0
GFPT2,0.0
GFOD2,0.0
GFOD1,0.0
GFI1B,0.0
GFER,0.0
GFAP,0.0
GEMIN4,0.0
GEM,0.0
GDPD5,0.0
GDPD4,0.0
GDPD3,0.0
GHDC,0.0
GHRL,0.0
GDPD1,0.0
GHSR,0.0
GLIPR2,0.0
GLIPR1,0.0
GLI3,0.0
GLI1,0.0
GLE1,0.0
GLDC,0.0
GLB1L3,0.0
GLB1L,0.0
GLB1,0.0
GLA,0.0
GK5,0.0
GK2,0.0
GJD2,0.0
GJB2,0.0
GJB1,0.0
GJA3,0.0
GJA1,0.0
GIPR,0.0
GIPC2,0.0
GIP,0.0
GIMAP2,0.0
GDPD2,0.0
GDNF,0.0
GALR1,0.0
GBGT1,0.0
GBE1,0.0
GBA2,0.0
GBA,0.0
GATM,0.0
GATD3A,0.0
GATB,0.0
GATA6,0.0
GATA5,0.0
GATA3,0.0
GATA2,0.0
GATA1,0.0
GAST,0.0
GAS6,0.0
GARS1,0.0
GAPDHS,0.0
GAP43,0.0
GANC,0.0
GANAB,0.0
GAMT,0.0
GALR3,0.0
GALR2,0.0
GBF1,0.0
GBP1,0.0
GDI2,0.0
GC,0.0
GDI1,0.0
GDF7,0.0
GDF6,0.0
GDF3,0.0
GDF15,0.0
GDF11,0.0
GDF1,0.0
GDE1,0.0
GDAP2,0.0
GDAP1,0.0
GDA,0.0
GCSH,0.0
GCNT3,0.0
GCN1,0.0
GCLM,0.0
GCKR,0.0
GCK,0.0
GCHFR,0.0
GCGR,0.0
GCAT,0.0
GCA,0.0
ZSWIM2,0.0
