Matched Drug,BNF Code
Abacavir,"['0503010E0AA', '0503010Z0AA']"
Abatacept,['1001030V0AA']
Abciximab,['0209000W0AA']
Abemaciclib,['0801050CLAA']
Abiraterone,['0803042T0AA']
Abrocitinib,['1305030K0AA']
Acamprosate,['0410010A0AA']
Acarbose,['0601023A0AA']
Acebutolol,"['0204000C0AA', '0204000B0AA']"
Aceclofenac,['100101080AA']
Acemetacin,['100101050AA']
Acetazolamide,"['1106000B0AA', '1106000C0AA']"
Acetic Acid,"['1201010B0AA', '0702020B0AA', '190600000AA', '1307000T0AA']"
Acetylcholine,['1108020C0AA']
Acetylcysteine,"['1108010C0AA', '1902070A0AA', '0307000C0AA', '0704040W0AA']"
Acipimox,['0212000A0AA']
Acitretin,['1305020A0AA']
Aclidinium,"['0301020R0AA', '0301040V0AA']"
Acrivastine,['0304010A0AA']
Adalimumab,['1001030S0AA']
Adapalene,"['1306010H0AA', '1306010Z0AA']"
Adefovir,['0503031A0AA']
Adenosine,['0203020C0AA']
Afatinib,['0801050BPAA']
Aflibercept,['1108020AIAA']
Agomelatine,['0403040Z0AA']
Alanine,"['091101000BB', '0913445A0AA', '0913445A0BG', '091101000AA', '0913213A0AA', '0913213A0BG', '0913445A0BC']"
Albendazole,['0505030A0AA']
Albumin,"['0902022A0AA', '0902022A0BF', '0801050BEAA']"
Alclometasone,['1304000B0AA']
Alectinib,['0801050CDAA']
Alemtuzumab,['0802030E0AA']
Alendronic Acid,"['0606020A0AA', '0606020Y0AA']"
Alexitol,['0101010A0AA']
Alfentanil,['1501043A0AA']
Alfuzosin,['0704010A0AA']
Alglucosidase Alfa,['0908010AHAA']
Alirocumab,['0212000AIAA']
Aliskiren,['0205053A0AA']
Alitretinoin,['1305010AFAA']
Allantoin,"['1305020C0AA', '0107010N0AA']"
Allopurinol,['1001040C0AA']
Almotriptan,['0407041B0AA']
Alogliptin,"['0601023AJAA', '0601023AKAA']"
Alprazolam,['0401020A0AA']
Alprostadil,"['0704050B0AA', '0701011D0AA']"
Alteplase,['0210020V0AA']
Aluminium Chloride,['1312000C0AA']
Aluminium Hydroxide,['0101010C0AA']
Aluminium Oxide,['1306010A0AA']
Alverine,"['0102000A0AA', '0102000C0AA', '0102000AJAA']"
Amantadine,"['0409010B0AA', '0503040C0AA']"
Ambrisentan,['0205010X0AA']
Amifampridine,['100201000AA']
Amifostine,['0801000V0AA']
Amikacin,['0501040C0AA']
Amiloride,"['0202040A0AA', '0202040D0AA', '0202030C0AA', '0202040B0AA', '020400030AA']"
Aminoacridine,"['1203010Q0AA', '1203030M0AA']"
Aminoglutethimide,['0803041A0AA']
Aminophylline,"['0301030B0AA', '0301030C0AA', '0301030B0BC']"
Amiodarone,"['0203020D0AA', '0203020D0BG']"
Amisulpride,['0402010A0AA']
Amitriptyline,"['0403010B0AA', '100302000AA']"
Amlodipine,"['0206020A0AA', '0206020Z0AA', '0205052ABAA', '0205051ACAA']"
Ammonia,"['0309020B0AA', '190500000AA', '030902020AA', '0309020T0AA', '190400000AA']"
Ammonium Chloride,"['0704030C0AA', '190400000AA', '0309020AHAA']"
Amorolfine,['1310020A0AA']
Amoxapine,['0403010C0AA']
Amphotericin B,"['1203020C0AA', '0502030A0AA', '1103020A0AA']"
Ampicillin,['0501013E0AA']
Amprenavir,"['0503010I0AA', '0503010M0AA']"
Amsacrine,['0801050C0AA']
Amyl Nitrite,['0206010A0AA']
Amylmetacresol,"['1203030A0AA', '1203030AAAA']"
Anagrelide,['0901040A0AA']
Anakinra,['1001030R0AA']
Anastrozole,['0803041B0AA']
Anidulafungin,['0502040A0AA']
Antazoline,"['1104020B0AA', '1303000C0AA']"
Anti-D (Rho) Immunoglobulin,['1405030A0AA']
Apalutamide,['0803042V0AA']
Apatinib,['0801050ATAA']
Apixaban,['0208020Z0AA']
Apomorphine,"['0704050G0AA', '0409010A0AA', '0409010ACAA']"
Apraclonidine,['1108020J0AA']
Apremilast,['1001030AAAA']
Aprepitant,"['0406000ADAA', '0406000AEAA']"
Aprotinin,['0211000H0AA']
Arachis Oil,"['1309000G0AA', '0106030A0AA', '0106030A0BB', '1305020S0AA', '0408020Q0AA', '1103020E0AA']"
Arginine,"['0913445A0AA', '0913445A0BH', '091101000AA', '091101000BB', '0205051Z0AA', '0205051Z0BB', '0205051Y0AA', '0205051Y0BB']"
Argipressin,['0605020W0AA']
Aripiprazole,"['0402010ADAA', '0402020ADAA']"
Arnica,"['190205500BB', '1003020ADAA', '1003020ADBB']"
Artemether,['0504010AAAA']
Artenimol,['0504010ABAA']
Ascorbic Acid,"['0906031C0AA', '0901011C0AA', '091200000AA', '0407010X0AA', '091000000AA', '1001050A0BF', '1104020AFAA', '0913541D0AA']"
Asenapine,['0402030R0AA']
Aspirin,"['0209000A0AA', '0209000A0BN', '0407010B0AA', '0407010B0BS', '0209000A0BP', '0209000V0AA', '0206010W0AA', '0407041A0AA', '0407010A0AA', '0407010S0AA', '0407010W0BK', '0407010W0BP', '0407010W0AA', '0407010M0BC', '0204000ACAA']"
Atazanavir,"['0503010L0AA', '0503010ALAA']"
Atenolol,"['0204000E0AA', '0204000A0AA', '0204000U0AA']"
Atogepant,['0407042U0AA']
Atomoxetine,['0404000S0AA']
Atorvastatin,['0212000B0AA']
Atosiban,['0701030V0AA']
Atovaquone,"['0504010U0AA', '0504080A0AA']"
Atracurium,"['1501050F0AA', '1501050W0AA']"
Atropine,"['1105000B0AA', '1105000B0BD', '0409020E0AA', '0102000ACAA', '1105000B0BB', '1501030D0AA', '1105000H0AA', '1105000H0BB', '1501030D0BB']"
Avanafil,['0704050ACAA']
Avelumab,['0801050CFAA']
Aviptadil,['0704050ADAA']
Axitinib,['0801050BJAA']
Azacitidine,['0801030ACAA']
Azatadine,['0304010C0AA']
Azathioprine,['0802010G0AA']
Azelaic Acid,['1306010B0AA']
Azelastine,"['1202010A0AA', '1104020W0AA', '1202010Y0AA']"
Azilsartan Medoxomil,['0205052ADAA']
Azithromycin,"['0501050A0AA', '1103010AIAA']"
Aztreonam,['0501023A0AA']
Bacitracin,"['1310011W0AA', '1103010Q0AA']"
Baclofen,['1002020C0AA']
Baloxavir Marboxil,['0503040D0AA']
Balsalazide,['0105010D0AA']
Bambuterol,['0301011B0AA']
Baricitinib,['1001030ACAA']
Basiliximab,['0802020D0AA']
Bazedoxifene,['0604011ADAA']
Becaplermin,['1311070K0AA']
Beclometasone,"['1304000C0AA', '1202010C0AA', '1202010C0BN', '0302000C0AA', '0302000C0BL', '0302000C0BN', '0302000C0BM', '0105020G0AA']"
Bedaquiline,['0501090V0AA']
Belatacept,['0802020Y0AA']
Belimumab,['1001030Z0AA']
Belumosudil,['0802040BEAA']
Bemiparin,['0208010ACAA']
Bempedoic Acid,"['0212000AKAA', '0212000ALAA']"
Benperidol,['0402010B0AA']
Benralizumab,['0304020AAAA']
Benzalkonium,"['1302020B0AA', '1302020D0AA', '1203030T0AA', '1310020Y0AA', '1203030J0AA', '1311030D0AA', '1203030X0AA', '130201000AA', '1309000L0AA']"
Benzbromarone,['1001040A0AA']
Benzocaine,"['100302000AA', '1203030B0AA', '1303000B0AA', '1203010C0AA', '190400000AA']"
Benzoic Acid,"['1310020D0AA', '1310020V0AA']"
Benzoyl Peroxide,"['1306010C0AA', '1306010Y0AA']"
Benzthiazide,['0202040V0AA']
Benzydamine,"['1003020F0AA', '1203010E0AA', '1203030Y0AA']"
Benzyl Alcohol,['1203030Z0AA']
Benzyl Benzoate,['1310040C0AA']
Benzylpenicillin,['0501011J0AA']
Betahistine,['0406000B0AA']
Betaine,"['0401010C0AA', '091200000BF', '0908010T0AA']"
Betamethasone,"['1304000D0AA', '1304000F0AA', '1201010E0AA', '1104010D0AA', '0603020C0AA', '0603020B0AA', '1305020I0AA', '1203010W0AA']"
Betaxolol,"['1106000I0AA', '0204000G0AA']"
Bethanechol,['0704010C0AA']
Bevacizumab,['0801050APAA']
Bexarotene,['0801050ABAA']
Bezafibrate,['0212000D0AA']
Bicalutamide,['0803042A0AA']
Bictegravir,['0503010AQAA']
Bifonazole,"['1310020E0AA', '1310020E0BC']"
Bilastine,['0304010AFAA']
Bimatoprost,"['1106000AFAA', '1106000AIAA']"
Binimetinib,['0801050CNAA']
Biotin,"['090602800AA', '090602800BB']"
Biperiden,['0409020G0AA']
Bisacodyl,"['0106020C0AA', '0106020C0BE']"
Bismuth,"['0103010S0AA', '0103030W0AA', '0107010E0AA', '131005000AA', '120203000AA', '010102100AA', '190400000AA']"
Bisoprolol,"['0204000H0AA', '020400090AA']"
Bleomycin,['0801020G0AA']
Boceprevir,['0503032A0AA']
Borax,['190900000AA']
Boric Acid,"['190900000AA', '22802328002', '22801938001', '22801938002', '0702020Y0AA']"
Bortezomib,['0801050ACAA']
Bosentan,['0205010U0AA']
Bosutinib,['0801050BLAA']
Bretylium,"['0203020E0AA', '0203020E0BC']"
Brigatinib,['0801050CPAA']
Brimonidine,"['1106000AAAA', '1106000AGAA', '1306030A0AA', '1106000ALAA']"
Brinzolamide,"['1106000ACAA', '1106000AJAA']"
Brivaracetam,['0408010ALAA']
Brodalumab,['1305030E0AA']
Bromazepam,['0401020G0AA']
Bromfenac,['1108020AGAA']
Bromocriptine,['0607010B0AA']
Brompheniramine,"['0304010F0AA', '0310000N0AA', '0310000M0AA']"
Budesonide,"['1202010I0AA', '0302000K0AA', '0302000K0BG', '0302000K0BE', '0105020A0AA']"
Bumetanide,"['0202020D0AA', '0202080C0AA']"
Bupivacaine,"['1502010C0AA', '1502010C0BC', '1502010V0AA', '1502010Z0AA']"
Buprenorphine,"['0407020B0AA', '0410030A0AA', '0410030B0AA']"
Bupropion,"['0410020A0AA', '0405020U0AA']"
Buserelin,"['0803042B0AA', '0607020B0AA']"
Buspirone,['0401020B0AA']
Cabergoline,"['0607010C0AA', '0409010U0AA']"
Cabotegravir,['0503010AWAA']
Cabozantinib,['0801050BRAA']
Caffeine,"['0407041F0AA', '0404000D0AA', '0407010U0AA', '0407010AAAA', '070403000AA', '0404000E0AA', '190400000AA']"
Calcipotriol,['1305020D0AA']
Calcitonin,['0606010T0AA']
Calcium,"['20030200099', '20030200095', '20030200110', '20030200096', '20030200105', '20030200111', '20030200098', '20030200112', '090401000AA', '0906040N0AA', '0905011D0AA', '0905011D0BK', '0905022H0AA', '090501100AA', '090501100BB', '0906040G0AA', '0906040G0DZ', '20030200097', '20030200100', '20030800075', '20030800076', '20030800077', '0905011R0AA', '0905011K0AA', '0905011D0BE', '0905011B0AA', '0905011B0BB', '0905022C0AA', '0801000I0AA', '0902011L0AA', '0902011L0BB', '0208010N0AA', '0104010H0AA', '0101021C0AA', '0801000U0AA', '0208010N0BE', '0905011U0AA', '0101010S0AA', '190400000AA', '091200000BF', '091000000BB', '090603300BB', '0906023N0AA', '0906023N0BC', '010102100AA', '090504800BB', '0906040N0BF', '0906040N0BJ', '091000000AA', '0905022U0AA', '0604030Q0AA', '0906040N0BH', '0901011X0AA', '0913491A0AA', '0913491A0BC', '0906040G0DS', '0902011AAAA', '0906040G0EE']"
Camellia Sinensis,['1307000W0AA']
Camphor,"['1307000M0AA', '0309020N0AA', '190601000AA', '190400000AA', '131005000AA', '130900000AA']"
Canagliflozin,"['0601023AMAA', '0601023APAA']"
Canakinumab,['0802040ACAA']
Candesartan,['0205052C0AA']
Cannabidiol,"['1002020Y0AA', '0408010AMAA']"
Capecitabine,['0801030V0AA']
Capreomycin,['0501090C0AA']
Capsaicin,['1003020AAAA']
Capsicum,"['190606000AA', '1003020H0AA']"
Captopril,['0205051F0AA']
Carbachol,"['1106000J0AA', '1106000J0BB']"
Carbamazepine,['0408010C0AA']
Carbaryl,['1310040F0AA']
Carbenoxolone,['1203010G0AA']
Carbetocin,['0701010W0AA']
Carbidopa,"['0409010X0AA', '0409010D0AA']"
Carbimazole,['0602020D0AA']
Carbocisteine,['0307000J0AA']
Carbomer,"['1108010B0AA', '21300000700', '21300000701', '21300000702', '21300000712', '21300000946', '21300000968', '21300000707', '21300000969', '21300000974', '1108010Z0AA', '1108030AAAA', '21300000706']"
Carbon,"['20031000057', '20033000331', '20031000062', '20031000033', '0902013S0AA', '0902013S0BB', '21012500100', '21012500116', '21012500120', '21012500124', '21010000002', '21012600201', '0402030K0AA', '0902021Q0AA', '0902021Q0BB', '0101012B0AA', '0101012B0BH', '0902021Q0BC', '190400000AA', '0101010F0AA', '20031000030', '20031000031', '20031000061', '20031000032', '20033000332', '0902013P0AA', '0905022T0AA', '0106040N0BE', '191500000BD', '20031000058', '20033000334', '20031000059', '20031000060', '20033000333', '20033000335']"
Carboplatin,['0801050F0AA']
Carboprost,['0701010D0AA']
Carglumic Acid,['0908010ADAA']
Cariprazine,['0402010AJAA']
Carisoprodol,['1002020G0AA']
Carmellose,"['21300000123', '21300000161', '21300000122', '21300000938', '1108010D0AA', '21300000120', '21300000177', '21300000125', '21300000126', '21300000160', '21300000166', '21300000908', '21300000153', '21300000174', '21300000195', '21300000917', '21300000945', '21300000971', '21300000154', '21300000196', '21300000943']"
Carmustine,['0801010D0AA']
Carteolol,['1106000K0AA']
Carvedilol,['020400080AA']
Caspofungin,['0502040C0AA']
Cefaclor,['0501021A0AA']
Cefadroxil,['0501021B0AA']
Cefalexin,['0501021L0AA']
Cefepime,"['0501020ADAA', '0501024A0AA']"
Cefixime,['0501021C0AA']
Cefotaxime,['0501021D0AA']
Cefoxitin,['0501021E0AA']
Cefpirome,['050102020AA']
Cefpodoxime,['0501021F0AA']
Cefprozil,['0501020AAAA']
Ceftazidime,['0501021H0AA']
Ceftriaxone,['0501021G0AA']
Cefuroxime,"['0501021K0AA', '0501021J0AA', '1103010T0AA']"
Celecoxib,['1001010AHAA']
Celiprolol,['020400060AA']
Cenobamate,['0408010ANAA']
Cerivastatin,['0212000C0AA']
Certolizumab,['1001030Y0AA']
Certoparin,['0208010B0AA']
Cetalkonium,['1203010Q0AA']
Cetirizine,"['0304010I0AA', '0304010ACAA']"
Cetrimide,"['1310050D0AA', '1311020L0AA', '1311020L0CB', '1310050D0BQ', '1310050D0BS', '1302020D0AA', '1311020L0BV', '190400000AA', '1311020G0AA', '1502010J0AA']"
Cetrorelix,['0607020D0AA']
Cetuximab,['0801050AGAA']
Cetylpyridinium,"['1203030D0AA', '1203010Q0AA', '0309020G0AA', '1203040C0AA', '1203010V0AA']"
Chenodeoxycholic Acid,['0109010G0AA']
Chloral Hydrate,"['0401010B0AA', '190400000AA']"
Chlorambucil,['0801010F0AA']
Chloramphenicol,"['1103010C0AA', '1103010C0BI', '1103010C0BK', '1201010H0AA', '0501070F0AA', '1103010C0BC']"
Chlordiazepoxide,"['0401020E0AA', '0102000D0AA']"
Chlorhexidine,"['1202030S0AA', '1203040E0AA', '20040200410', '20040200420', '1311020L0AA', '1310020U0AA', '1311020L0BN', '1311020L0CJ', '1203030G0AA', '1311020G0AA', '1310050J0AA', '1502010J0AA', '1310050P0AA', '0704040D0AA', '0704040D0BB', '1203030M0AA', '1310020Y0AA', '0704040C0AA', '0704040C0BB', '1311010I0AA', '110301020AA', '1310050W0AA']"
Chlormethine,['0801010W0AA']
Chlorocresol,"['1310011T0AA', '190900000AA']"
Chloroform,"['190900000AA', '190601000AA', '190606000AA']"
Chloroprocaine,['1502010AAAA']
Chloroquine,"['1001030C0AA', '0504010F0AA', '0504010G0AA', '0504010Z0AA']"
Chlorothiazide,"['0205052P0AA', '0205051H0AA', '0205052A0AA', '0205051P0AA', '0204000W0AA', '0205051K0AA', '0205052R0AA', '0202010L0AA', '0202010D0AA', '0205052X0AA', '0202040S0AA', '0205052Y0AA']"
Chloroxylenol,"['131200000AA', '1311050E0AA']"
Chlorpromazine,['0402010D0AA']
Chlorpropamide,['0601021E0AA']
Chlorprothixene,['0402010F0AA']
Chlorquinaldol,['1304000W0AA']
Chlortetracycline,['1304000Z0AA']
Cholic Acid,"['0109010U0AA', '0109010H0AA', '0109010V0AA', '190500000AA']"
Choline,"['1203010K0AA', '120101020AA', '090602800AA']"
Chondroitin Sulfate,['091200000AA']
Chorionic Gonadotrophin,['0605010D0AA']
Chromium,['090504200BB']
Ciclesonide,['0302000U0AA']
Cidofovir,['0503022C0AA']
Cilastatin,['0501022D0AA']
Cilazapril,['0205051E0AA']
Cilostazol,['0206040X0AA']
Cimetidine,['0103010D0AA']
Cinacalcet,['0905012I0AA']
Cinchocaine,"['0107020P0AA', '0107020J0AA', '0107010G0AA']"
Cinnarizine,"['0406000D0AA', '0206040AAAA', '0406000ACAA']"
Ciprofibrate,['021200010AA']
Ciprofloxacin,"['0501120L0AA', '1103010B0AA', '1201010ACAA', '1201010AEAA']"
Cisapride,['0102000G0AA']
Cisplatin,['0801050I0AA']
Citalopram,"['0403030D0AA', '0403030Z0AA', '0403030X0AA']"
Citric Acid,"['21130000100', '21130000120', '21130000124', '21130000145', '21130100011', '21130000102', '21130000115', '21130000118', '21130000150', '21130100012', '0704030G0AA', '0106050M0AA', '190600000AA', '0309020AGAA', '070403000AA']"
Cladribine,"['0801030C0AA', '0802040AYAA']"
Clarithromycin,['0501050B0AA']
Clavulanic Acid,['0501014N0AA']
Clemastine,['0304010H0AA']
Clidinium,"['0301040W0AA', '0301020T0AA']"
Clindamycin,"['0702020E0AA', '1306010F0AA', '0501060D0AA', '0501060E0AA', '1306010AAAA', '1306010ABAA']"
Clioquinol,"['1304000V0AA', '1201010F0AA', '1304000N0AA', '1305010ADAA']"
Clobazam,['040801060AA']
Clobetasol,"['1304000G0AA', '130400000AA', '1304000H0AA']"
Clobetasone,"['1304000H0AA', '1104010F0AA', '130201000AA']"
Clofarabine,['0801030AAAA']
Clofazimine,['0501100C0AA']
Clomifene,['0605010G0AA']
Clomipramine,['0403010F0AA']
Clonazepam,"['0408010F0AA', '0408020D0AA']"
Clonidine,"['0205020E0AA', '0407042F0AA']"
Clopamide,['020400010AA']
Clopidogrel,['0209000C0AA']
Clotrimazole,"['1304000V0AA', '0702020F0AA', '1310020H0AA', '1103020C0AA']"
Cloxacillin,"['0501012G0AA', '0501012H0AA']"
Clozapine,['0402010C0AA']
Coal Tar,"['1309000C0AA', '1305020C0AA', '1304000F0AA', '1305020I0AA']"
Cobicistat,"['0503010AIAA', '0503010AKAA']"
Cobimetinib,['0801050CIAA']
Cod Liver Oil,"['1302020F0AA', '091200000BF', '0906011H0AA', '0906011H0BD', '0906011H0DF', '0906011H0BQ', '0906011H0BK', '0906011H0B1', '0906011H0DJ', '0906011H0CQ', '0906011H0DK', '0906011H0BX', '0906011H0DH', '0906011H0BT', '0906011H0CI', '0906011H0DI', '0906011H0CL', '0906011H0DG']"
Codeine,"['0407020G0AA', '0407020C0AA', '0309010C0AA', '1001010J0AA', '1001010J0DG', '1001010J0CF', '0407010X0CD', '0309020X0AA', '030902040BB', '0309020ACAA']"
Colchicine,['1001040G0AA']
Colesevelam,['0212000ADAA']
Colestipol,['0212000K0AA']
Colistin,"['0501070H0AA', '1310011W0AA']"
Collagen,"['091200000BF', '091000000BB', '20033000316', '20033000502', '20033000503']"
Collodion,"['1307000M0AA', '131005000AA']"
Cortisone,"['1304000V0AA', '1304000V0CT', '1304000V0CU', '1304000V0CW', '1304000V0CZ', '1304000V0CH', '1304000V0BN', '1304000V0CR', '0603020J0AA', '1304000W0AA', '1304000V0BT', '0603010I0AA', '0107020J0AA', '1304000V0BZ', '1304000X0AA', '1201010G0AA', '1304000V0CY', '1001022G0AA', '0105020B0AA', '1203010M0AA', '0603020F0AA', '1104010M0AA', '0603020L0AA', '0603020M0AA', '190400000AA', '1304000X0BM', '1304000X0BN', '0105020C0AA', '1502010J0AA', '1315000G0AA', '1303000AAAA', '1103010ALAA']"
Crotamiton,['1303000I0AA']
Cyclizine,"['0406000F0AA', '0406000G0AA', '0407020H0AA', '040702020AA']"
Cyclopenthiazide,['0202010J0AA']
Cyclopentolate,"['1105000E0AA', '1105000E0BB']"
Cyclophosphamide,['0801010H0AA']
Cycloserine,['0501090E0AA']
Cyproheptadine,['0304010K0AA']
Cyproterone,"['0803042E0AA', '1306020D0AA', '0604020D0AA']"
Cysteine,['0307000L0AA']
Cystine,"['0913213A0AA', '0913213A0BE', '0908010AIAA', '0913445A0AA', '090401000BB']"
Cytarabine,"['0801030D0AA', '0801030D0BF', '0801060A0AA']"
Dabigatran,['0208020X0AA']
Dabrafenib,['0802040AIAA']
Dacarbazine,['0801050L0AA']
Daclatasvir,['0503032E0AA']
Daclizumab,"['0802020V0AA', '0802040AZAA']"
Dacomitinib,['0801050CQAA']
Dactinomycin,['0801020D0AA']
Dalbavancin,['0501070AFAA']
Dalfopristin,['0501070V0AA']
Dalteparin,['0208010L0AA']
Danaparoid,['0208010C0AA']
Danazol,['0607020C0AA']
Dantrolene,"['1002020J0AA', '1501080B0AA']"
Dapagliflozin,"['0601023AGAA', '0601023ALAA', '0601023AVAA']"
Dapoxetine,['0704060A0AA']
Dapsone,"['0501100H0AA', '0504010Q0AA']"
Daptomycin,['0501070Y0AA']
Darbepoetin Alfa,['0901030J0AA']
Daridorexant,['0401040A0AA']
Darifenacin,['0704020ACAA']
Darunavir,['0503010ACAA']
Dasabuvir,['0503032H0AA']
Dasatinib,['0801050ANAA']
Daunorubicin,['0801020J0AA']
Debrisoquine,['0205030H0AA']
Decitabine,['0801030AEAA']
Deferasirox,['0901030K0AA']
Deferiprone,['0901030I0AA']
Deflazacort,['0603020I0AA']
Degarelix,['0803042R0AA']
Delamanid,['0501090W0AA']
Demeclocycline,['0501030F0AA']
Denosumab,['0606020Z0AA']
Dequalinium,"['1203030F0AA', '0702020Z0AA']"
Desferrioxamine,['0901030P0AA']
Desloratadine,['0304010ABAA']
Desmopressin,['0605020E0AA']
Desogestrel,"['0703010E0AA', '0703010F0AA', '0703021Q0AA']"
Dexamethasone,"['1104010I0AA', '1202010V0AA', '0603020G0AA', '1104010I0BE', '0603020H0AA', '0603020AAAA', '1104010X0AA']"
Dexibuprofen,['1001010AMAA']
Dexketoprofen,"['1001010AEAA', '040702040AA']"
Dexpanthenol,"['1302010E0AA', '1202020R0AA']"
Dexrazoxane,['0801000Y0AA']
Dextran,"['1108010F0AA', '0901012K0AA']"
Dextromethorphan,"['0309010L0AA', '0309020R0AA', '0309020AFAA', '0309010Y0AA']"
Dextromoramide,['0407020D0AA']
Dextropropoxyphene,['0407020E0AA']
Diamorphine,"['0407020K0AA', '0309010N0AA']"
Diazepam,"['0401020K0AA', '0401020K0BL']"
Diazoxide,"['0601040E0AA', '0205010E0AA']"
Dibrompropamidine,"['1103010E0AA', '1310050K0AA']"
Dichlorophen,['1310020Z0AA']
Diclofenac,"['1001010C0AA', '1001010AGAA', '1003020U0AA', '1003020AFAA', '1308010W0AA', '1108020A0AA', '1203040AAAA']"
Didanosine,['0503010N0AA']
Dienogest,['0604012W0AA']
Diethylstilbestrol,"['0803010K0AA', '0702010L0AA']"
Diflucortolone,['1304000L0AA']
Diflunisal,"['1001010D0AA', '1001010D0BC']"
Digitoxin,['0201010D0AA']
Digoxin,"['0201010F0AA', '0201010AAAA']"
Diloxanide,['0504020G0AA']
Diltiazem,"['0206020C0AA', '0107010AAAA']"
Dimenhydrinate,['0406000H0AA']
Dimethyl Fumarate,['0802040AKAA']
Dimeticone,"['1302020D0AA', '130201000AA', '1310040V0AA']"
Dinoprost,['0701010I0AA']
Diosmin,['0206040ATAA']
Diphenhydramine,"['0304010N0AA', '0407010X0AA', '030902040AA', '1303000J0AA', '0309020ABAA']"
Dipivefrine,['1106000Q0AA']
Dipyridamole,['0209000L0AA']
Disopyramide,"['0203020F0AA', '0203020G0AA']"
Distigmine,['0704010I0AA']
Disulfiram,['0410010B0AA']
Dithranol,"['1305020F0AA', '1309000V0AA', '190400000AA']"
Dobutamine,['0207010D0AA']
Docetaxel,['0801050D0AA']
Docosahexaenoic Acid,"['0212000V0AA', '0212000ABAA']"
Docusate,"['0106020I0AA', '1201030F0AA']"
Dolasetron,['0406000Z0AA']
Dolutegravir,"['0503010AHAA', '0503010APAA', '0503010AUAA']"
Domiphen,['1203030M0AA']
Domperidone,"['0406000J0AA', '0407041A0AA']"
Donepezil,['0411000D0AA']
Dopamine,"['0207010F0AA', '0207010F0BC']"
Dopexamine,['0207010Y0AA']
Doravirine,"['0503010ASAA', '0503010ATAA']"
Doripenem,['0501022C0AA']
Dorzolamide,"['1106000P0AA', '1106000ABAA']"
Dosulepin,['0403010J0AA']
Doxapram,['0305010W0AA']
Doxazosin,['0205040D0AA']
Doxepin,"['0403010L0AA', '1303000F0AA']"
Doxorubicin,"['0801020K0AA', '0801020K0BC']"
Doxycycline,"['0501030Z0AA', '0501030I0AA', '1203010U0AA']"
Doxylamine,['0406000AAAA']
Dronedarone,['0203020X0AA']
Droperidol,['0402010G0AA']
Drospirenone,"['0703010F0AA', '0604011L0AA', '0703010E0AA', '0703021R0AA']"
Drostanolone,['0604030S0AA']
Dulaglutide,['0601023AQAA']
Duloxetine,"['0704020AAAA', '0403040Y0AA']"
Dutasteride,"['0604020B0AA', '0704010V0AA']"
Dydrogesterone,"['0604012F0AA', '0604011L0AA']"
Echinacea,"['091200000BC', '091200000BF', '091200000BD', '091200000BE', '091200000AA', '091200000BB']"
Econazole,"['0702020H0AA', '1103020E0AA', '1310020J0AA']"
Eculizumab,['0901030M0AA']
Edoxaban,['0208020AAAA']
Edrophonium,['1002010H0AA']
Efalizumab,['1305030A0AA']
Efavirenz,"['0503010D0AA', '0503010ANAA']"
Eflornithine,['1309000X0AA']
Elbasvir,['0503032I0AA']
Eletriptan,['0407041AAAA']
Eliglustat,['0908010ARAA']
Elosulfase Alfa,['0908010APAA']
Eltrombopag,['0901040C0AA']
Eluxadoline,['0102000AKAA']
Elvitegravir,['0503010AJAA']
Emedastine,['1104020X0AA']
Empagliflozin,"['0601023ANAA', '0601023ARAA', '0601023AYAA']"
Emtricitabine,"['0503010K0AA', '0503010AAAA', '0503010AMAA']"
Enalapril,['0205051I0AA']
Encorafenib,['0801050CMAA']
Enfuvirtide,['0503010J0AA']
Enoxaparin,"['0208010D0AA', '0208010D0BD']"
Enoximone,['0201020G0AA']
Entacapone,['0409010V0AA']
Entecavir,['0503031B0AA']
Enzalutamide,['0803042U0AA']
Ephedrine,"['0310000N0AA', '0301012F0AA', '1202020C0AA', '0301040K0AA', '0310000E0AA', '0301040J0AA', '0309020G0AA', '1001010J0AA', '0309020AABB', '0207020Z0AA', '0304030G0AA', '0407010X0AA', '0309020AEAA', '0309020AAAA']"
Epirubicin,['0801020N0AA']
Eplerenone,['0202030X0AA']
Epoprostenol,['0208010E0AA']
Eprosartan,['0205052W0AA']
Eptifibatide,['0209000X0AA']
Erdosteine,['0307000Q0AA']
Erenumab,['0407042T0AA']
Ergometrine,"['0701010T0AA', '0701010L0AA']"
Eribulin,['0801050BBAA']
Erlotinib,['0801050AEAA']
Ertapenem,['0501022B0AA']
Ertugliflozin,['0601023AXAA']
Erythromycin,"['0501050H0AA', '0501050C0AA', '0501050N0AA', '1306010I0AA', '0501050K0AA', '1103010I0AA', '1103010I0BC']"
Eslicarbazepine,['0408010AIAA']
Esomeprazole,"['0103050E0AA', '1001010P0AA']"
Estetrol,['0703010T0AA']
Estradiol,"['0703010G0AA', '0703010F0AA', '0604011D0AA', '0702010G0AA', '0604011G0AA', '0604011K0AA', '0604011L0AA', '0703010E0AA', '0703010H0AA', '0703010S0AA']"
Estramustine,['0801010J0AA']
Estrogen,"['0604011P0AA', '0604011Q0AA', '0702010I0AA']"
Estrone,['0913261T0BB']
Estropipate,['0604011R0AA']
Etanercept,['1001030D0AA']
Ethambutol,['0501090H0AA']
Ethanol,"['190100000AA', '0213000F0AA', '1311010P0AA']"
Ether,"['1311010U0AA', '0704050R0BE', '0605020E0BB']"
Ethionamide,['0501090I0AA']
Ethosuximide,['0408010I0AA']
Ethyl Nicotinate,"['1003020N0AA', '1314000M0AA']"
Ethyl Salicylate,"['1003020N0AA', '1003020AEAA']"
Etodolac,['1001010E0AA']
Etomidate,['1501010C0AA']
Etonogestrel,"['0703022P0AA', '0703011A0AA']"
Etoposide,['0801040D0AA']
Etoricoxib,['1001010AJAA']
Etravirine,['0503010AFAA']
Eucalyptus,"['0308000M0AA', '1203010F0BB', '1203030N0AA', '1203030N0BE', '190605000AA', '1203030Y0BC']"
Everolimus,['0801050AXAA']
Evolocumab,['0212000AHAA']
Exemestane,['0803041C0AA']
Exenatide,['0601023Y0AA']
Ezetimibe,"['0212000L0AA', '0212000ACAA']"
Factor Ix,['0211000J0AA']
Factor Vii,"['0211000I0AA', '0211000I0BH', '0211000Y0AA']"
Factor X,['0211000U0AA']
Famciclovir,['0503021E0AA']
Famotidine,['0103010H0AA']
Fampridine,['1002010U0AA']
Febuxostat,['1001040V0AA']
Felbamate,['0408010AAAA']
Felbinac,['1003020M0AA']
Felodipine,"['0206020F0AA', '0205051S0AA']"
Felypressin,['1502010S0AA']
Fenbufen,['1001010F0AA']
Fenofibrate,"['0212000P0AA', '0212000AJAA']"
Fenoprofen,['1001010G0AA']
Fentanyl,"['0407020A0AA', '1501043F0AA']"
Fenticonazole,['0702020I0AA']
Ferric Carboxymaltose,['0901012P0AA']
Ferumoxytol,['0901012Q0AA']
Fesoterodine,['0704020ADAA']
Fexofenadine,['0304010E0AA']
Fezolinetant,['0705010A0AA']
Fidaxomicin,['0501070ACAA']
Filgotinib,['1001030AGAA']
Filgrastim,"['0901060I0AA', '0901060P0AA', '0901060Q0AA']"
Finasteride,"['0604020C0AA', '1309000W0AA']"
Fingolimod,['0802040ADAA']
Flavoxate,['0704020G0AA']
Flecainide,['0203020I0AA']
Fluconazole,['0502010B0AA']
Fludarabine,['0801030W0AA']
Flumazenil,['1501070F0AA']
Flunarizine,['0406000E0AA']
Flunisolide,['1202010L0AA']
Flunitrazepam,['0401010I0AA']
Fluocinolone,['1304000N0AA']
Fluocinonide,['1304000P0AA']
Fluocortolone,['1304000R0AA']
Fluorescein,"['1108020K0AA', '1108020K0BB', '1107000N0AA', '1107000N0BB']"
Fluorometholone,['1104010K0AA']
Fluorouracil,"['1308010Y0AA', '0801030H0AA']"
Fluoxetine,['0403030E0AA']
Fluphenazine,"['0403010V0AA', '0402020L0AA', '0402010I0AA']"
Flurazepam,['0401010L0AA']
Flurbiprofen,"['1001010I0AA', '1203010F0AA', '1104020G0AA']"
Flutamide,['0803042H0AA']
Fluticasone,"['1304000S0AA', '1202010M0AA', '0302000N0AA', '1202010W0AA', '0302000V0AA']"
Fluvastatin,['0212000M0AA']
Fluvoxamine,['0403030L0AA']
Folic Acid,"['0901020G0AA', '0901011Q0AA', '0901020G0BB', '0901020G0CS', '0901020G0CK', '0901020G0BU', '0901020G0CP', '0901020G0CE', '0901020G0CG', '0901020G0CN', '0901011R0AA', '0901011R0BC', '0901011Q0BQ', '091200000BF', '0906040G0AA']"
Follitropin Alfa,"['0605010I0AA', '0605010ABAA', '0605010ADAA']"
Follitropin Beta,['0605010K0AA']
Follitropin Delta,['0605010AFAA']
Fondaparinux,['0208010ABAA']
Formaldehyde,['1307000C0AA']
Formoterol,"['0301011E0AA', '0301011E0BE', '0301040AAAA']"
Foscarnet,['0503022E0AA']
Fosfomycin,"['0501070AEAA', '0501130S0AA']"
Fosinopril,['0205051J0AA']
Fosphenytoin,['0408020U0AA']
Fostemsavir,['0503010AXAA']
Framycetin,"['1310011G0AA', '1103010F0AA']"
Frangula,['0106010N0AA']
Fremanezumab,['0407042R0AA']
Frovatriptan,['0407041ABAA']
Fucus,['091200000AA']
Fulvestrant,['0803041AAAA']
Furosemide,"['0202020L0AA', '0202040U0AA', '0202020L0BI', '0202040T0AA', '0202080K0AA']"
Fusafungine,['1202030D0AA']
Fusidic Acid,"['1103010H0AA', '1310012F0AA', '0501070M0AA']"
Gabapentin,"['0408010G0AA', '0407030ADAA']"
Galantamine,['0411000F0AA']
Galcanezumab,['0407042S0AA']
Galsulfase,['0908010AGAA']
Gamolenic Acid,"['1305010I0AA', '091200000BE', '091200000AA']"
Ganciclovir,"['1103030W0AA', '0503022D0AA', '0503022B0AA']"
Gefitinib,['0801050AWAA']
Gelatin,['0902022I0AA']
Gemcitabine,['0801030X0AA']
Gemeprost,['0701010P0AA']
Gemfibrozil,['0212000Q0AA']
Gentamicin,"['1103010G0AA', '0501040H0AA', '1103010G0BE', '0501040H0BG', '0501040H0BH', '1310012I0AA']"
Gentian,"['0907000H0AA', '190606000BC']"
Gestrinone,['0607020F0AA']
Gilteritinib,['0801030AGAA']
Ginkgo Biloba,"['091200000BE', '091200000BC', '091200000BF', '091200000BD']"
Glatiramer,['0802040U0AA']
Glecaprevir,['0503032K0AA']
Glibenclamide,['0601021H0AA']
Gliclazide,['0601021M0AA']
Glimepiride,['0601021A0AA']
Glipizide,['0601021P0AA']
Gliquidone,['0601021R0AA']
Glucagon,['0601040H0AA']
Glucosamine,"['091200000AA', '091200000BE', '091200000BF', '091200000BD', '1001050A0AA', '1001050A0BF', '1001050A0BD', '1001050A0BH', '1001050A0BJ', '1001050A0BX', '1001050A0CB', '1001050A0BE', '1001050A0BW', '1001050A0CD', '190205500BC', '1001050A0BG', '1001050A0BI', '1001050B0AA', '1001050A0BM', '1001050A0BL', '1001050A0BZ', '091200000BC', '1001050A0BN', '1001050A0BR', '1001050A0BS']"
Glutaraldehyde,['1307000F0AA']
Glutathione,['091101000BB']
Glycerol,"['0106020L0AA', '130201000AA', '0309020H0AA', '190400000AA', '1203030V0AA', '130201100AA', '0309020H0BH', '1202020F0AA', '1311010A0AA', '1108020L0AA', '091101000AA', '0908010ATAA']"
Glyceryl Trinitrate,"['0206010F0AA', '0107040A0AA']"
Glycine,"['0901011K0AA', '091101000AA', '091101000BB']"
Glycopyrronium,"['1501030G0AA', '1501060N0AA', '0102000L0AA', '1312000G0AA', '0301020S0AA', '0301040Y0AA']"
Golimumab,['1001030X0AA']
Gonadorelin,['0605010P0AA']
Goserelin,['0803042K0AA']
Gramicidin,['1310011P0AA']
Granisetron,"['0406000M0AA', '0406000AFAA']"
Griseofulvin,"['0502050B0AA', '1310020Q0AA']"
Guanethidine,"['0205030N0AA', '1106000S0AA']"
Guanfacine,"['0205020G0AA', '0404000V0AA']"
Guar Gum,['0601023I0AA']
Guselkumab,['1305030F0AA']
Haem,"['21010900866', '21010900859', '21010900861', '21010900863', '0107010N0BG', '0902022I0BC', '1404000Y0AA', '0211000I0BR', '0211000J0BG', '0908020A0AA', '010701000BJ', '21010900858', '21010900860', '21010900865', '21010900862', '21010900864', '0211000I0BM', '090607000AA', '090607000BB']"
Halcinonide,['1304000U0AA']
Haloperidol,"['0402010J0AA', '0402020T0AA']"
Halquinol,['1310020K0AA']
Hamamelis,"['1104020ABAA', '0107010I0AA', '1311060H0AA']"
Hazel,"['0904010A0BF', '1311060H0BE', '0913261U0AA', '0913261U0BB', '190205500BC', '0913011V0BB']"
Helium,['191500000BD']
Heparin,"['0107010J0AA', '1314000H0AA', '0208010P0AA', '0208010K0AA', '1104020ADAA']"
Hepatitis B Immunoglobulin,['1405020B0AA']
Hexetidine,['1203040G0AA']
Hexylresorcinol,['1203030J0AA']
Histamine,"['0304010G0BI', '0304010G0BL', '0304010G0BN', '0304010G0BF', '1303000M0BD', '1303000J0BG', '0802040ABAA']"
Hyaluronidase,['1003010P0AA']
Hydralazine,"['0205010J0AA', '0205010J0BC']"
Hydrogen Peroxide,"['1201030N0AA', '1311070J0AA', '1311060I0AA', '1203040I0AA', '1310050H0AA', '1201010S0AA', '1311010I0AA']"
Hydromorphone,['040702050AA']
Hydroquinone,['1315000G0AA']
Hydrotalcite,['0101010E0AA']
Hydroxyapatite,['0905011Z0AA']
Hydroxyquinoline,['1304000V0AA']
Hydroxyzine,['0304010J0AA']
Hyoscine,"['0406000L0AA', '0102000N0AA', '0406000A0AA', '1501030H0AA', '0407020ABAA', '1105000J0AA']"
Hypromellose,"['1108010F0AA', '21300000191', '21300000949', '21300000970', '21300000117', '21300000184', '21300000189', '21300000188', '21300000950', '21300000985', '21300000119', '21300000158', '21300000159', '21300000176', '21300000973', '21300000980', '21300000116', '21300000928', '21300000977']"
Ibandronic Acid,['0606020W0AA']
Ibrutinib,['0801050BSAA']
Ibuprofen,"['1001010J0AA', '1001010J0CP', '1001010J0CJ', '1001010J0CD', '1003020P0AA', '1003020P0BH', '1003020P0BI', '1003020P0BN', '1003020P0BU', '1003020P0BQ', '1003020P0BP', '1001010J0CM', '1001010J0DE', '1001010J0DF', '1001010J0CF', '1001010J0CU', '1003020P0BR', '1001010ADAA', '1001010ADBG', '1001010ADBH', '0310000N0BP', '0310000N0BL', '0701011F0AA', '1001010APAA', '0310000Q0AA', '0407010ADAA', '1001010J0DK']"
Icatibant,['0304030H0AA']
Ichthammol,"['1305010J0AA', '131500000AA', '190400000AA', '1305010AEAA']"
Idarubicin,['0801020P0AA']
Idarucizumab,['0208040A0AA']
Idebenone,['1108030ABAA']
Idoxuridine,['1310030I0AA']
Ifosfamide,['0801010N0AA']
Ilex,"['20030900025', '20030900046', '20030900397', '20033000376', '20030900026', '20030900048', '20030900398', '20033000377', '20030900027', '20030900049', '20030900039', '20030900400', '20033000378', '20030900028', '20030900401', '20030900020', '20030900036', '20030900056', '20030900021', '20030900057', '20030900022', '20030900037', '20030900058', '20030900023', '20030900059', '0703023L0BF', '20030900030', '20030900031', '23802228000', '20030900035', '20030900038', '20030900029', '20030900044', '20030900045', '20033000374', '20030900047', '20033000375', '21040000440', '20030900055', '20030900019', '21040000441', '20030900050', '20030900152', '20030900478', '20030900051', '20030900154', '20030900479', '20030900052', '20030900157', '20030900053', '20030900159', '20030900032', '20030900033', '20030900399', '20030900024', '20030900063', '20030900341', '20030900064', '20030900065', '20030900342', '20030900066', '20030900150', '20030900067', '20030900151', '20030900068', '20030900155', '20030900069', '20030900156', '20030900054', '20030900018', '20030900153', '20030900158', '21011200271', '21011200427', '21011200272', '21011200428', '21011200273', '21011200429', '21011200274', '21011200430', '21011200275', '21011200431', '21011200276', '21011200432', '21011200277', '21011200433', '21011200278', '21011200434', '21011200279', '21011200435', '21011200280', '21011200436', '21011200281', '21011200211', '21011200282', '21011200212', '21011200283', '21011200213', '21011200284', '21011200214', '21011200285', '21011200215', '21011200286', '21011200216', '21011200287', '21011200217', '21011200288', '21011200218', '21011200289', '21011200219', '21011200290', '21011200220', '20030900034', '21011200437', '21011200441', '21011200438', '21011200442', '21011200439', '21011200443', '21011200440', '21011200444', '20030900149', '20030900205', '20030900206', '20030900402', '20030900340', '20030900343', '20030900403', '20030900404']"
Iloprost,['0205010V0AA']
Imatinib,['0801050AAAA']
Imidapril,['0205051W0AA']
Imiglucerase,['0908010I0AA']
Imipramine,"['0403010N0AA', '0403010Y0AA']"
Imiquimod,['1307000V0AA']
Inclisiran,['0212000AMAA']
Indacaterol,"['0301011X0AA', '0302000X0AA']"
Indapamide,"['0202010P0AA', '0205051N0AA', '0205051ABAA']"
Indinavir,['0503010T0AA']
Indoramin,"['0704010M0AA', '0205040I0AA']"
Infliximab,['1001030T0AA']
Ingenol Mebutate,['1308010Z0AA']
Inosine,['0503021D0AA']
Inositol,"['0206040AFAA', '090602800BB']"
Inotersen,['0407030AFAA']
Insulin Aspart,"['0601012W0AA', '0601011A0AA']"
Insulin Degludec,"['0601012Z0AA', '0601023AUAA']"
Insulin Detemir,['0601012X0AA']
Insulin Glargine,['0601012V0AA']
Insulin Glulisine,['0601011P0AA']
Insulin Human,"['0601011Q0AA', '0601011R0AA']"
Insulin Lispro,"['0601012F0AA', '0601011L0AA', '0601011L0BC']"
Interferon Alfa,"['0802040J0AA', '0802040A0AA', '0802040BCAA']"
Interferon Beta,"['0802040M0AA', '0802040APAA']"
Interferon Gamma,['0802040Z0AA']
Iodoform,"['190400000AA', '1311040L0AA']"
Ipilimumab,['0801050BCAA']
Ipratropium,"['0301020I0AA', '0301040M0AA', '0301020I0BE', '0301020I0BH', '1202020I0AA', '0301040R0AA', '1202020Q0AA']"
Irbesartan,['0205052I0AA']
Irinotecan,['0801050Q0AA']
Iron,"['0202030S0AA', '0901011S0AA', '0901011W0AA', '0901012M0AA', '0604020F0BB', '0607030M0BB', '0901012I0AA', '23355853570', '23355853571', '23355853587', '23355853589', '23355853590', '23355853573', '23355853574', '23355853575', '23355853576', '23355853577', '23355853578', '23355853580', '23355853581', '23355853582', '23355853583', '23355853584', '23355853585', '23355853597', '23355853600', '23055850500', '23055850501', '23052400506', '23052400507', '23052400508', '23052400509', '23052400510', '23052400511', '23052400512', '23052400513', '23052400514', '23052400515', '23402404000', '23402404001', '23552405502', '23552405503', '23552405504', '23555855526', '23552405521', '23985859806', '23962409627', '23962409626', '23962409624', '23962409625', '23962409621', '23962409622', '23962409623', '23602406013', '23602406014', '23605856062', '23602406018', '23602406019', '23602406012', '23602406017', '23602406008', '23602406009', '23602406010', '23602406016', '23602406011', '23602406007', '23602406015', '22805858030', '22902409156', '22905859124', '22902409162', '22902409163', '23305853042', '23305853043', '23305853044', '23305853045', '23801008023', '23455854501', '091000000BB', '21120000160', '0901011C0BS', '0208020I0BE', '0901011P0BD', '090101100BB', '0905022W0AA', '0901011Y0AA', '1404000H0AA', '0901011Q0AA', '0901011Q0BR']"
Isavuconazole,['0502010E0AA']
Isocarboxazid,['0403020H0AA']
Isoleucine,"['0913213A0AA', '0913213A0BB', '091101000AA', '090402000BB']"
Isometheptene,['0407010ACAA']
Isoniazid,"['0501090S0AA', '0501090K0AA']"
Isoprenaline,['0207020AAAA']
Isopropyl Alcohol,"['1311050U0AA', '1311010I0AA', '190900000AA']"
Isopropyl Myristate,"['1302011L0AA', '130201000AA', '21220000253']"
Isosorbide,"['0206010K0AA', '0206010I0AA']"
Isotretinoin,"['1306010M0AA', '1306020J0AA']"
Isradipine,['0206020I0AA']
Itraconazole,['0502010C0AA']
Ivabradine,['0206030Y0AA']
Ivacaftor,"['0307000S0AA', '0307000T0AA', '0307000U0AA']"
Ivermectin,"['0505060I0AA', '1306030B0AA']"
Ixazomib,['0801050CCAA']
Ixekizumab,['1305030G0AA']
Kaolin,"['0104010H0AA', '0104020N0AA', '0104020D0AA', '1003020L0AA', '190400000AA', '1302010H0AA']"
Ketamine,"['1501010F0AA', '0406000W0AA']"
Ketanserin,['0205080A0AA']
Ketoconazole,"['1310020L0AA', '1309000I0AA', '0502020A0AA']"
Ketoprofen,"['1001010L0AA', '100302010AA']"
Ketorolac,"['110802070AA', '1501042E0AA']"
Ketotifen,"['1104020Y0AA', '0304010AGAA']"
Labetalol,['0204000I0AA']
Lacidipine,['0206020K0AA']
Lacosamide,['0408010AHAA']
Lactic Acid,"['1307000M0AA', '1302010U0AA', '130201000AA', '190600000AA', '1302010K0AA']"
Lactitol,['0106040F0AA']
Lactobacillus,['0913531A0AA']
Lactulose,['0106040G0AA']
Lamivudine,"['0503010Q0AA', '0503010A0AA', '0503010AVAA']"
Lamotrigine,['0408010H0AA']
Lanreotide,['0803043P0AA']
Lansoprazole,['0103050L0AA']
Laronidase,['0908010ABAA']
Latanoprost,"['1106000L0AA', '1106000ADAA', '1106000ANAA']"
Lecithin,['091101000BB']
Ledipasvir,['0503032F0AA']
Leflunomide,['1001030L0AA']
Lenalidomide,['0802040Y0AA']
Lenvatinib,['0801050BVAA']
Lepirudin,['0208010ADAA']
Lercanidipine,['0206020L0AA']
Letermovir,['0503022F0AA']
Letrozole,['0803041L0AA']
Leucine,"['0913213A0AA', '0913213A0BF', '090402000BB']"
Leuprorelin,['0803042N0AA']
Levamisole,['0505020L0AA']
Levetiracetam,['0408010A0AA']
Levobunolol,['1106000T0AA']
Levocabastine,"['1104020P0AA', '1202010K0AA']"
Levocarnitine,"['0908010C0AA', '0908010Z0AA']"
Levodopa,['0409010I0AA']
Levofloxacin,"['0501120X0AA', '1103010AGAA']"
Levofolinic Acid,['0801000Z0AA']
Levomenthol,"['120202000AA', '0309020G0AA', '040701000AA', '1003020Y0AA']"
Levomepromazine,"['0402010K0AA', '0402010L0AA']"
Levonorgestrel,"['0703021L0AA', '0703050A0AA', '0703023L0AA']"
Levothyroxine,"['0602010V0AA', '0602010Z0AA']"
Lidocaine,"['1001022K0AA', '1001022K0BB', '1502010J0AA', '1502010J0BL', '1502010J0BN', '1502010I0AA', '0107010N0AA', '1303000Q0AA', '1303000N0AA', '1203030M0AA', '1502010J0BK', '0203020L0BB', '0203020L0AA', '0203020L0BD', '0203020L0BE', '120304000AA', '1502010Y0AA', '21140000007', '0704060B0AA', '1201010AGAA']"
Linaclotide,['0106070B0AA']
Linagliptin,"['0601023AEAA', '0601023AFAA']"
Linezolid,['0501070W0AA']
Liothyronine,['0602010M0AA']
Lipase,['0908010ANAA']
Liraglutide,['0601023ABAA']
Lisdexamfetamine,['0404000U0AA']
Lisinopril,['0205051L0AA']
Lithium,"['0402030P0AA', '130501000AA']"
Lixisenatide,['0601023AIAA']
Lodoxamide,['1104020M0AA']
Lofepramine,['0403010R0AA']
Lofexidine,['0410030D0AA']
Lomitapide,['0212000AFAA']
Lomustine,['0801010Q0AA']
Loperamide,"['0104020L0AA', '0104020P0AA']"
Lopinavir,['0503010G0AA']
Loprazolam,['0401010N0AA']
Loratadine,['0304010D0AA']
Lorazepam,['0401020P0AA']
Lormetazepam,['0401010P0AA']
Losartan,['0205052N0AA']
Loteprednol,['1104010W0AA']
Loxapine,['0402010M0AA']
Lubiprostone,['0106070C0AA']
Lumiracoxib,['1001010ANAA']
Lurasidone,['0402010AIAA']
Lutropin Alfa,['0605010Y0AA']
Lymecycline,['0501030L0AA']
Lysine,"['091101000AA', '091101000BB', '0913445A0AA', '0913445A0BE']"
Macitentan,['0205010AAAA']
Macrogol,"['1302010U0AA', '0106040M0AA', '130201100AA', '1301010D0AA', '21220000269', '21220000315', '0106040X0AA', '131500000AA', '1303000AAAA', '1306010T0AA']"
Magnesium,"['1310050M0AA', '0101010J0AA', '0106040J0AA', '0905013N0AA', '090501300AA', '0905013F0AA', '0905013F0BE', '0905013F0BF', '190400000AA', '0106040L0AA', '0101010Q0AA', '0102000H0AA', '0905013M0AA', '0905013M0BD', '0905013F0BI', '090501300BB', '0905013A0AA', '0905013A0BB', '0101010I0AA', '0905013G0AA', '0905013G0BC', '0905013N0BB', '0905013A0BD', '0905013A0BE', '0905013D0AA', '091102000AA', '091102000BB', '0905013G0BB', '0905013G0BE', '0905013G0BD', '0905013F0BC', '0905013P0AA', '0905013A0BF', '0905013G0BF', '0905013F0BD', '0905013A0BG']"
Malathion,['1310040M0AA']
Mandelic Acid,"['0704040H0AA', '0704040H0BB']"
Mannitol,"['0202050M0AA', '0202050M0BD', '0202050M0BC', '0307000R0AA']"
Maprotiline,['0403010S0AA']
Maraviroc,['0503010ADAA']
Mazindol,['0405020N0AA']
Mebendazole,"['0505010D0AA', '0505010D0BD']"
Mebeverine,"['0102000P0AA', '0102000X0AA', '0102000X0BC']"
Mecasermin,['0607040A0AA']
Meclozine,['0406000N0AA']
Medium Chain Triglycerides,['090401000AA']
Medroxyprogesterone,"['0703022M0AA', '0803020H0AA', '0604012M0AA']"
Mefenamic Acid,['1001010N0AA']
Mefloquine,['0504010L0AA']
Megestrol,['0803020L0AA']
Melatonin,"['0401010ADAA', '0401010ADBC']"
Meloxicam,['1001010AAAA']
Melperone,['0402010AFAA']
Melphalan,['0801010S0AA']
Memantine,['0411000G0AA']
Menotrophin,['0605010N0AA']
Mepacrine,['0504040M0AA']
Mepenzolate,['0102000R0AA']
Mepivacaine,['1502010ABAA']
Mepolizumab,['0304020Y0AA']
Meprobamate,['0401020R0AA']
Meptazinol,['0407020L0AA']
Mepyramine,['1303000M0AA']
Mercaptamine,"['0908010E0AA', '1108010A0AA']"
Mercaptopurine,['0801030L0AA']
Meropenem,['0501022A0AA']
Mesalazine,"['0105010B0AA', '0105010B0BC']"
Mesna,['0801000T0AA']
Mesterolone,['0604020F0AA']
Mestranol,['0703010M0AA']
Metaraminol,['0207020L0AA']
Metformin,"['0601022B0AA', '0601023V0AA', '0601023W0AA', '0601023Z0AA', '0601023ADAA', '0601023AHAA']"
Methadone,"['0407020M0AA', '0410030C0AA', '0309010S0AA']"
Methenamine,['0501130H0AA']
Methionine,"['1902070M0AA', '091101000AA', '091101000BB', '0913238A0AA', '0913238A0BB']"
Methocarbamol,['1002020S0AA']
Methotrexate,"['1001030U0AA', '0801030P0AA']"
Methoxamine,['0207020N0AA']
Methoxsalen,['1305020L0AA']
Methoxyflurane,['1501020W0AA']
Methyl Aminolevulinate,['1308010X0AA']
Methylcellulose,"['0106010H0AA', '190400000AA']"
Methyldopa,['0205020H0AA']
Methylnaltrexone,['0106060A0AA']
Methylphenidate,"['0404000M0AA', '0404000T0AA']"
Methylprednisolone,"['1001022K0AA', '0603020S0AA', '0603020K0AA', '0603020ACAA']"
Methysergide,['0407042L0AA']
Metipranolol,"['1106000U0AA', '1106000U0BC']"
Metoclopramide,"['0406000P0AA', '0407041A0AA']"
Metolazone,['0202010V0AA']
Metoprolol,['0204000K0AA']
Metronidazole,"['0501110C0AA', '1310012K0AA', '1203020J0AA', '0702020X0AA']"
Metyrapone,['0607030M0AA']
Mexiletine,['0203020P0AA']
Mianserin,['0403010T0AA']
Micafungin,['0502040B0AA']
Miconazole,"['1203020H0AA', '0702020P0AA', '1310020N0AA', '1304000ACAA', '1103020M0AA']"
Midazolam,"['1501041T0AA', '0408020V0AA', '0408020W0AA']"
Midodrine,['0207020Y0AA']
Midostaurin,['0801050CKAA']
Mifepristone,"['0701020K0AA', '0701021A0AA']"
Migalastat,['0908010AQAA']
Miglustat,['0908010ACAA']
Milrinone,['0201020M0AA']
Minocycline,"['0501030P0AA', '1203020P0AA']"
Minoxidil,"['0205010N0AA', '1309000H0AA']"
Mirabegron,['0704020AEAA']
Mirtazapine,['0403040X0AA']
Misoprostol,"['0103040M0AA', '1001010P0AA', '0701010X0AA']"
Mitomycin,"['0801020Q0AA', '0801020Q0BB']"
Mitotane,['0801050R0AA']
Mivacurium,['1501050K0AA']
Mizolastine,['0304010AAAA']
Moclobemide,['0403020K0AA']
Modafinil,['0404000R0AA']
Moexipril,['0205051C0AA']
Molgramostim,['0901060N0AA']
Molnupiravir,['0503060A0AA']
Mometasone,"['1304000Y0AA', '1202010U0AA', '0302000R0AA', '1202010Z0AA']"
Montelukast,['0303020G0AA']
Morphine,"['0407020Q0AA', '0407020Q0BP', '0407020P0AA', '0104020N0AA', '0407020W0AA', '0407020Q0BE', '0309020T0AA']"
Moxifloxacin,"['0501120Y0AA', '1108020U0AA']"
Moxisylyte,['0206040AIAA']
Moxonidine,['0205020M0AA']
Mupirocin,"['1202030R0AA', '1310011M0AA']"
Mycophenolic Acid,['0802010N0AA']
Nabilone,['0406000R0AA']
Nabumetone,['1001010X0AA']
Nadolol,"['0204000M0AA', '0204000X0AA']"
Nafarelin,['0607020P0AA']
Naftidrofuryl,['0206040AEAA']
Nalbuphine,['0407020Y0AA']
Nalidixic Acid,['0501120N0AA']
Nalmefene,['0410010D0AA']
Naloxone,"['1902070Q0AA', '1902070Q0BC', '1501070G0AA', '0407020AFAA']"
Naltrexone,['0410030E0AA']
Nandrolone,['0604030L0AA']
Naphazoline,['1104020R0AA']
Naproxen,"['1001010P0AA', '100101070AA']"
Naratriptan,['0407041M0AA']
Natalizumab,['0802040W0AA']
Natamycin,['1103010P0AA']
Nateglinide,['0601023U0AA']
Nebivolol,['0204000ABAA']
Nedocromil,"['1104020N0AA', '0303010J0AA']"
Nefazodone,['0403040T0AA']
Nefopam,['0407010P0AA']
Nelarabine,['0801030ABAA']
Nelfinavir,['0503010C0AA']
Neomycin,"['1201010U0AA', '1201010Z0AA', '0501040N0AA', '1103010N0AA', '1103010N0BB', '1310011P0AA']"
Neostigmine,"['1002010M0AA', '1002010N0AA', '1501060N0BB']"
Nepafenac,['1108020AFAA']
Netilmicin,"['0501040R0AA', '1103010AMAA']"
Netupitant,['0406000AGAA']
Nevirapine,['0503010B0AA']
Nicardipine,['0206020Q0AA']
Nicorandil,['0206030N0AA']
Nicotine,"['0410020B0AA', '0410020B0BH', '0410020B0BC', '0410020B0BM', '0410020D0AA', '0410020D0BB', '0410020D0BD']"
Nicotinic Acid,"['0212000U0AA', '0212000AEAA']"
Nifedipine,"['0206020R0AA', '0107040B0AA']"
Nilotinib,['0801050ASAA']
Nimodipine,['0206020M0AA']
Nintedanib,['0801050BTAA']
Niraparib,['0801050CJAA']
Nirmatrelvir,['0503060B0AA']
Nisoldipine,['0206020W0AA']
Nitisinone,['0908010AFAA']
Nitrazepam,['0401010R0AA']
Nitrofurantoin,['0501130R0AA']
Nitrous Oxide,"['1501020R0BB', '191500000BD', '1501020R0AA']"
Nivolumab,"['0802040ATAA', '0802040ATBC']"
Nizatidine,['0103010N0AA']
Nonoxinol,['0703030G0AA']
Noradrenaline,['0207020R0AA']
Norelgestromin,['0703010E0AA']
Norethisterone,"['0703021N0AA', '0604012P0AA', '0703022N0AA']"
Norfloxacin,['0501120Q0AA']
Norgestrel,['0703021P0AA']
Nortriptyline,['0403010V0AA']
Nystatin,"['1304000H0AA', '0502030B0AA', '1203020N0AA', '1310020U0AA', '1304000V0AA', '1304000V0CC', '0702020T0AA']"
Obinutuzumab,['0802030G0AA']
Octreotide,['0803043N0AA']
Ofatumumab,['0802040BDAA']
Ofloxacin,"['0501120P0AA', '1103010Y0AA', '1201010ABAA']"
Olanzapine,"['040201060AA', '0402020ACAA']"
Olaparib,['0801050BYAA']
Olmesartan,['0205052B0AA']
Olodaterol,"['0301011Z0AA', '0301040X0AA']"
Olopatadine,['1104020Z0AA']
Olsalazine,['0105010C0AA']
Omalizumab,['0304020X0AA']
Omeprazole,['0103050P0AA']
Ondansetron,['0406000S0AA']
Opicapone,['0409010ABAA']
Orciprenaline,['0301012S0AA']
Orlistat,['0405010P0AA']
Ornithine,"['0913445A0AA', '0913445A0BF']"
Orphenadrine,['0409020N0AA']
Oseltamivir,['0503040B0AA']
Osimertinib,['0801050CGAA']
Ospemifene,['0702010M0AA']
Oxaliplatin,['0801050ALAA']
Oxandrolone,['0604030P0AA']
Oxazepam,['0401020T0AA']
Oxcarbazepine,['0408010D0AA']
Oxerutins,['0206040AHAA']
Oxitropium,['0301020P0AA']
Oxprenolol,['0204000N0AA']
Oxybuprocaine,"['1107000M0AA', '1107000M0BB']"
Oxybutynin,"['0704020J0AA', '0704040G0AA']"
Oxycodone,"['0407020ADAA', '0407020Z0AA']"
Oxymetazoline,['1202020G0AA']
Oxymetholone,['0901030H0AA']
Oxypertine,['0402010N0AA']
Oxytetracycline,['0501030T0AA']
Oxytocin,['0701010T0AA']
Ozanimod,['0802040BFAA']
Paclitaxel,['0801050V0AA']
Palbociclib,['0801050CBAA']
Palifermin,['0801000W0AA']
Paliperidone,"['0402010AEAA', '0402020ABAA']"
Palivizumab,['0503050A0AA']
Palonosetron,['0406000ABAA']
Pancreatin,"['0109040N0AA', '0109040N0BD']"
Pancuronium,['1501050L0AA']
Panitumumab,['0801050ARAA']
Panobinostat,['0801050BWAA']
Pantoprazole,['0103050R0AA']
Papaveretum,['0407020ABAA']
Papaverine,['0704050J0AA']
Paracetamol,"['0407010H0AA', '0407010H0CN', '0407010H0B3', '0407010H0B4', '0407010H0CI', '0407010H0CG', '0407010H0CT', '0407010H0BJ', '0407010H0CP', '0407010H0BC', '0407010H0BU', '0407010X0BT', '0407010X0CQ', '0407010ABAA', '0310000N0BE', '0407010U0BF', '0407010U0BG', '040702040AA']"
Paraldehyde,['0408020Q0AA']
Parathyroid,['0606010V0AA']
Parecoxib,['1501042H0AA']
Paricalcitol,['0906040P0AA']
Paroxetine,['0403030P0AA']
Pasireotide,['0803043Q0AA']
Passiflora,['091200000BC']
Pazopanib,['0801050AZAA']
Pegaptanib,['1108020ACAA']
Pegaspargase,['0801050BAAA']
Pegvisomant,['0605010Z0AA']
Pembrolizumab,['0801050CAAA']
Pemetrexed,['0801030Y0AA']
Penciclovir,['1310030L0AA']
Penicillamine,['1001030F0AA']
Penicillin,['0501011P0AA']
Pentagastrin,['180400000AA']
Pentamidine,['0504080P0AA']
Pentazocine,"['0407020T0AA', '0407020U0AA']"
Pentosan Polysulfate,['0208020I0AA']
Pentostatin,['0801050S0AA']
Pentoxifylline,['0206040AGAA']
Perampanel,['0408010AKAA']
Pergolide,['0409010P0AA']
Pericyazine,['0402010P0AA']
Perindopril,"['0205051M0AA', '0205051AAAA']"
Permethrin,['1310040Q0AA']
Perphenazine,['0402010Q0AA']
Pertuzumab,['0801050BKAA']
Pethidine,['0407020V0AA']
Phenelzine,['0403020M0AA']
Phenindione,['0208020N0AA']
Phenobarbital,"['0408010N0AA', '0408010P0AA', '190400000AA']"
Phenol,"['0802010M0AA', '1203040K0AA', '1311050V0AA', '0107030P0AA', '1311050P0AA', '190400000AA', '0106020U0AA', '0106020U0BB', '1303000AAAA', '1310050P0AA']"
Phenothrin,['1310040S0AA']
Phenoxybenzamine,['0205040M0AA']
Phentolamine,['0205040P0AA']
Phenylbutazone,['1001010Q0AA']
Phenylephrine,"['1108010S0AA', '1105000P0AA', '1105000P0BB', '1202020K0AA', '0310000Q0AA', '0207020X0AA', '1105000T0AA']"
Phenylpropanolamine,"['0304010ADAA', '0310000K0AA']"
Phenytoin,"['0408010Z0AA', '0408010Q0AA', '0408020T0AA']"
Pholcodine,"['0309010X0AA', '030902030AA', '0309010X0BM']"
Pilocarpine,"['1106000X0AA', '1106000Y0AA', '1106000Y0BB', '1203050P0AA']"
Pimecrolimus,['1305030B0AA']
Pimozide,['0402010R0AA']
Pindolol,['0204000P0AA']
Pioglitazone,['0601023B0AA']
Piper,"['0505010H0AA', '0501014S0AA']"
Piracetam,['0409030P0AA']
Pirenzepine,['0103020P0AA']
Pirfenidone,['0311010B0AA']
Piroxicam,"['1001010R0AA', '1003020R0AA']"
Pitolisant,['0404000W0AA']
Pivmecillinam,['0501015P0AA']
Pizotifen,['0407042Q0AA']
Plerixafor,['0901070B0AA']
Podophyllotoxin,['1307000K0AA']
Podophyllum,"['1307000M0AA', '190400000AA']"
Polyethylene,"['0902021S0AA', '0902021Q0AA', '0902021Y0AA', '0901030N0AA', '120304000AA']"
Polygeline,['0902022I0AA']
Polymyxin,['1103010Q0AA']
Polynoxylin,['1310050R0AA']
Polythiazide,['0202010X0AA']
Polyvinyl Alcohol,['1108010Q0AA']
Pomalidomide,['0802040AJAA']
Ponatinib,['0801050BQAA']
Porfimer Sodium,['0801050AHAA']
Posaconazole,['0502010A0AA']
Potassium,"['0902011U0AA', '0101021B0AA', '0704030G0AA', '0902013P0AA', '090602800AA', '1311060Q0AA', '190400000AA', '0602020H0AA', '0902021N0AA', '0401020V0AA', '0905021I0AA', '0401010S0AA', '0602020I0AA', '0905021F0AA']"
Povidone,"['1311040K0AA', '1309000Q0AA', '1203040M0AA', '1310050S0AA', '0702020V0AA', '1108010T0AA', '1108020AHAA', '1108020AHBB']"
Pramipexole,['0409010W0AA']
Prasterone,['0604030Q0AA']
Prasugrel,['0209000Y0AA']
Pravastatin,['0212000X0AA']
Praziquantel,['0505050P0AA']
Prazosin,['0205040S0AA']
Prednisolone,"['0603020T0AA', '0105020D0AA', '0105020E0AA', '1001022N0AA', '1104010S0AA', '1104010S0BB', '1104010R0AA']"
Prednisone,['0603020X0AA']
Pregabalin,['0408010AEAA']
Pridinol,['1002020Z0AA']
Prilocaine,['1502010S0AA']
Primidone,['0408010U0AA']
Pristinamycin,['0501070Z0AA']
Probenecid,['1001040K0AA']
Procainamide,['0203020S0AA']
Procaine,['1502010U0AA']
Procarbazine,['0801050U0AA']
Prochlorperazine,"['0406000T0AA', '0406000U0AA']"
Procyclidine,['0409020S0AA']
Proflavine,"['1310050T0AA', '1311060R0AA', '190400000AA']"
Progesterone,"['0604012S0AA', '0604012S0BG', '0604012J0AA', '0604012S0BM']"
Proguanil,['0504010M0AA']
Promazine,['0402010S0AA']
Promethazine,"['0304010W0AA', '0406000V0AA']"
Propafenone,['0203020R0AA']
Propamidine,['1103010S0AA']
Propantheline,['0102000Y0AA']
Propiverine,['0704020P0AA']
Propofol,"['1501010L0AA', '1501010L0BC']"
Propranolol,"['0204000R0AA', '0204000Q0AA']"
Propylene Glycol,"['190400000AA', '130201000AA', '1304000G0AA']"
Propylthiouracil,['0602020N0AA']
Protamine,"['0601012U0AA', '0601012U0BB', '0208030N0AA']"
Protein C,"['0904010W0BE', '0904010W0BF', '0904010W0BG', '0904010Z0BD', '0904010Z0BG', '0904010Z0BH', '0904010Z0BK', '0904010Z0BI', '0904010Z0BJ', '0913261C0BC', '0904010F0BG', '0211000X0AA', '0913261Q0AA', '0913261Q0BB', '0913261V0AA', '0913261V0BC', '0913011H0AA', '0913011H0BB', '0913261D0AA', '0913261D0BB', '0913451B0AA', '0913451B0BB', '0913261B0AA', '0913261C0AA', '0913261C0BB', '0913261N0AA', '0913261N0BC', '0913261C0BE', '0913261P0AA', '0913261P0BC', '0913261R0AA', '0913261R0BB', '0913261R0BD', '0913261V0BD', '0913261R0BE', '0913261A0AA', '0913261A0BC', '0913261I0AA', '0913261I0BD']"
Protein S,"['0904010W0BG', '0904010Z0BK', '0904010Z0BH', '0904010ALBC', '090401000BB', '0913261S0AA', '0913261S0BC', '0913011W0AA', '0913011W0BB', '0913261T0AA', '0913261T0BB', '0913011K0AA', '0913011K0BB', '0913261I0AA', '0913261I0BD', '0914051A0AA', '0914051A0BC', '0913261K0BD', '0913261V0AA', '0913261V0BD', '0913451H0AA', '0913451H0BB', '0913391C0AA', '0913391C0BB', '0913261F0AA', '0913261F0BE', '0913261G0AA', '0913261G0BB']"
Protirelin,['0605010R0AA']
Proxymetacaine,"['1107000Q0AA', '1107000Q0BC']"
Prucalopride,['0106070A0AA']
Pyrazinamide,['0501090N0AA']
Pyridostigmine,['1002010Q0AA']
Pyrimethamine,"['0504010N0AA', '0504010P0AA']"
Quetiapine,['0402010ABAA']
Quinagolide,['0607010T0AA']
Quinapril,['0205051Q0AA']
Quinidine,"['0203020T0AA', '0203020U0AA']"
Quinine,"['0504010Y0AA', '0504010T0AA', '0504010V0AA', '0504010X0AA']"
Rabeprazole,['0103050T0AA']
Rabies Immunoglobulin,['1405020D0AA']
Raloxifene,['0604011X0AA']
Raltegravir,['0503010AEAA']
Raltitrexed,['0801030Z0AA']
Ramipril,['0205051R0AA']
Ramucirumab,['0801050BZAA']
Ranibizumab,['1108020ADAA']
Ranitidine,['0103010T0AA']
Ranolazine,['0206030Z0AA']
Rasagiline,['0409010Y0AA']
Rasburicase,['1001040U0AA']
Ravulizumab,['0901030T0AA']
Razoxane,['0801050W0AA']
Reboxetine,['0403040U0AA']
Regorafenib,['0801050BNAA']
Relugolix,['0803042X0AA']
Remifentanil,['1501010Q0AA']
Repaglinide,['0601023R0AA']
Reslizumab,['0304020Z0AA']
Resorcinol,['1306010T0AA']
Retapamulin,['1310011AAAA']
Reteplase,['0210020K0AA']
Retigabine,['0408010AJAA']
Retinol,"['0906011D0AA', '090601100AA']"
Rheum,"['1001010C0CE', '1001010K0BK', '1001010B0BB', '091200000BB']"
Ribavirin,['0503050B0AA']
Ribociclib,['0801050CRAA']
Rifabutin,['0501090Q0AA']
Rifampicin,['0501090R0AA']
Rifaximin,['0501070X0AA']
Rilpivirine,['0503010AGAA']
Riluzole,['0409030R0AA']
Rimegepant,['0407041ADAA']
Rimexolone,['1104010V0AA']
Rimonabant,['0405020T0AA']
Riociguat,['0205010ABAA']
Risankizumab,"['1305030I0AA', '0105030C0AA']"
Risperidone,"['040201030AA', '0402020AAAA']"
Ritodrine,['0701030S0AA']
Ritonavir,['0503010U0AA']
Rituximab,['0802030F0AA']
Rivaroxaban,['0208020Y0AA']
Rivastigmine,['0411000E0AA']
Rizatriptan,['0407041R0AA']
Rocuronium,['1501050X0AA']
Rofecoxib,['1001010AFAA']
Roflumilast,['0303030B0AA']
Rolapitant,['0406000AHAA']
Romiplostim,['0901040B0AA']
Romosozumab,['0606020AAAA']
Ropinirole,['0409010H0AA']
Ropivacaine,['1502010R0AA']
Rosa,"['1304000D0BC', '0803041B0BC', '1310012K0BK', '0202010L0BC', '0604030Q0BH', '0606010U0BE']"
Rosiglitazone,['0601023S0AA']
Rosuvastatin,['0212000AAAA']
Rotigotine,['0409010Z0AA']
Roxadustat,['0901030U0AA']
Rufinamide,['0408010AFAA']
Rupatadine,['0304010AEAA']
Ruta,['0309020G0BW']
Ruxolitinib,['0801050BIAA']
Safinamide,['0409010AAAA']
Salbutamol,"['0301011R0AA', '0301011R0BP', '0303010Q0AA', '0301011R0BV', '0301011R0BT', '0301011R0BW']"
Salicylic Acid,"['1307000M0AA', '1003020W0AA', '1304000J0AA', '1305020S0AA', '1306010Q0AA', '1309000R0AA', '1203010S0AA', '190400000AA', '0407010B0AA', '1306010T0AA', '0501090A0AA', '190605000AA', '1302010U0AA', '1303000AAAA']"
Salmeterol,['0301011U0AA']
Sapropterin,['0908010AUAA']
Saquinavir,['0503010R0AA']
Sarilumab,['1001030ADAA']
Saxagliptin,['0601023ACAA']
Secukinumab,['1001030AFAA']
Selegiline,['0409010T0AA']
Selenium,"['1309000S0AA', '091000000BB', '090504700AA', '090504700BB', '091200000BF', '091000000AA', '0905050A0AA', '090504100BB']"
Semaglutide,['0601023AWAA']
Senna,"['0106020M0AA', '0106020M0BG', '0106020M0BK', '0106020M0BL', '0106020M0BM', '0106020M0BI', '0106020M0BJ', '010602000AA']"
Serine,"['091101000AA', '091101000BB']"
Serrapeptase,['1003010V0AA']
Sertindole,['040201050AA']
Sertraline,['0403030Q0AA']
Sevelamer,['0905022S0AA']
Sibutramine,['0405020S0AA']
Sildenafil,"['0704050Z0AA', '0205010Y0AA', '0604012V0AA']"
Silicone,"['20033000472', '20030900275', '20030900348', '20033000491', '20033000496', '20030900346', '20033000488', '20030900273', '20030900345', '20033000486', '20033000493', '20030900266', '20030900344', '20030900238', '20030900229', '20030900252', '20030900244', '20030900261', '20030900314', '20030900330', '20030900367', '20030900372', '20030900380', '20030900410', '20030900448', '20030900446', '20030900456', '20030900467', '20033000278', '20033000453', '20033000466', '20030900239', '20030900230', '20030900253', '20030900245', '20030900262', '20030900287', '20030900315', '20030900331', '20030900368', '20030900373', '20030900381', '20030900411', '20030900431', '20030900449', '20030900447', '20030900457', '20030900468', '20033000279', '20033000454', '20033000467', '20030900241', '20030900254', '20030900247', '20030900264', '20030900317', '20030900333', '20030900369', '20030900374', '20030900384', '20030900414', '20030900433', '20030900450', '20030900458', '20030900469', '20033000170', '20033000281', '20033000459', '20033000468', '20030900249', '20030900441', '20033000460', '20030900256', '20030900283', '20030900310', '20030900327', '20030900359', '20030900364', '20030900376', '20030900420', '20030900422', '20030900452', '20030900463', '20033000192', '20033000274', '20033000481', '20030900279', '20030900313', '20030900328', '20030900362', '20030900366', '20030900378', '20030900465', '20033000193', '20033000482', '20030900280', '20030900284', '20030900311', '20030900329', '20030900360', '20030900365', '20030900377', '20030900424', '20030900453', '20030900455', '20030900464', '20033000194', '20033000276', '20033000483', '20033000172', '20033000263', '20033000173', '20033000387', '20030900281', '20030900312', '20030900361', '20030900379', '20033000195', '20033000277', '20033000176', '20033000475', '20033000478', '20033000090', '23355903568', '23355903569', '23355903570', '23355903571', '23355903572', '23355903576', '23355903573', '23355903574', '23355903575', '20050300136', '20050300210', '20050300230', '20050300235', '20050300409', '23700707009', '21020000621', '21020000951', '21020000543', '21020000763', '21020000641', '21020001107', '21020000531', '21020000862', '21020000592', '21020001221', '21020000956', '21020000414', '21020000736', '21020000622', '21020000739', '21020001362', '21020000768', '21020000776', '21020001415', '21020001422', '21020001034', '21020001509', '21020001519', '21020001536', '21020001222', '21020001416', '21020001423', '21020000924', '21020000764', '21020000511', '21020001223', '21020001417', '21020001424', '21020001537', '21020000642', '23605906067', '23605906068', '23605906069', '23605906071', '23605906070', '23605906072', '23605906073', '23605906074', '23605906075', '23605906076', '21020000611', '21020000950', '21020000541', '21020000761', '21020000631', '21020001081', '21020001100', '21020001101', '21020001175', '21020001080', '21020000501', '21020001105', '21020001106', '21020000521', '21020000861', '21020000860', '21020000590', '21020000551', '21020000577', '21020000865', '21020001215', '21020000955', '21020000412', '21020000735', '21020001294', '21020001295', '21020000610', '21020000738', '21020001360', '21020000767', '21020000775', '21020001411', '21020001418', '21020001033', '21020000913', '21020000952', '21020000953', '21020001508', '21020001520', '21020001518', '21020001527', '21020001534', '21020001560', '21020000613', '21020000542', '21020000632', '21020000762', '21020001176', '21020001102', '21020000899', '21020000502', '21020000591', '21020000553', '21020000578', '21020000867', '21020000868', '21020000866', '21020001217', '21020001296', '21020001361', '21020001413', '21020001420', '21020001456', '21020001535', '21020000898', '21020001216', '21020001412', '21020001419', '21020000923', '21020000612', '21020000900', '21020001220', '21020001414', '21020001421', '21020000633', '21020000901', '21020000902', '21020000903', '21020000413', '21020000904', '21020000721', '21020000731', '21020000706', '21020001110', '21020000910', '21020000912', '21020001111', '21020000745', '21020000870', '21020000863', '21020000415', '21020000737', '21020001297', '21020000722', '21020001363', '21020000779', '21020001428', '21020001430', '21020001483', '21020001539', '21020001598', '21020000869', '21020000908', '21020000777', '21020001425', '21020001427', '21020001596', '21020000909', '21020000911', '21020000778', '21020001426', '21020001429', '21020001538', '21020001597', '23301023157', '23301023158', '23301023159', '23301023160', '23301023161', '23301023162', '23301023163', '23301023164', '23301023230', '23301023231', '23301023232', '23301023233', '23301023234', '23301023235', '23301023236', '23301023237', '23301023238', '23301023239', '23301023240', '23301023241', '23301023242', '23301023243', '23301023244', '23301023245', '23301023246', '23301023247', '23301023248', '23301023249', '23301023250', '23301023251', '22303953060', '22303953061', '22303953062', '22303953063', '22303953064', '22303953020', '22303953000', '22303953001', '22303953002', '22303953003', '22303953004', '22303953010', '22303953011', '22303953012', '22303953013', '22303953014', '22303953021', '22303953022', '22303953023', '22303953024', '22303953005', '22303953006', '22303953007', '22303953008', '22303953009', '22303953104', '22303953105', '22303953106', '22303953107', '22303953108', '22303953109', '22303953110', '22303953111', '22303953112', '22303953113', '22303953114', '22303953115', '22303953116', '22303953117', '22303953118', '22301063000', '22301063001', '22301063002', '22301063003', '22301063004', '22301063005', '22301063006', '22301063007', '22306153027', '22306153028', '22306153029', '22306153030', '22306153031', '22306153032', '22306153033', '22306153034', '22306153035', '22306153036', '22306153037', '22306153038', '22306153039', '22306153040', '22306153041', '23806508000', '21020001161', '21020001169', '21020000992', '21020001431', '21020001436', '21020001484', '21020000980', '21020001434', '21020001487', '21020000981', '21020000982', '21020001435', '21020001488', '21020000983', '21020001167', '21020001160', '21020001165', '21020000984', '21020000978', '21020000979', '21020000985', '21020000986', '21020001162', '21020000987', '21020000988', '21020000989', '21020000990', '21020000991', '21020000973', '21020000999', '21020001432', '21020001437', '21020001441', '21020001443', '21020001485', '21020000974', '21020000975', '21020001433', '21020001438', '21020001442', '21020001444', '21020001486', '21020000976', '21020000977', '20030900282', '20033000264', '20030900356', '20033000485', '20033000492', '20033000304', '20033000489', '20033000495', '20030900285', '20030900438', '20033000476', '20033000477', '20030900250', '20030900251', '20030900307', '20030900444', '20033000465', '21040000442', '20033000175', '20033000265', '20033000232', '20033000473', '20030900248', '20030900319', '20030900332', '20030900349', '20030900370', '20030900375', '20030900382', '20030900405', '20030900412', '20030900460', '20030900471', '20033000455', '20030900350', '20030900355', '20030900406', '20030900439', '20030900472', '20033000457', '20030900271', '20033000284', '20033000463', '21012200120', '20030900240', '20030900231', '20030900246', '20030900263', '20030900288', '20030900316', '20030900383', '20030900413', '20030900440', '20033000280', '20033000458', '20030900242', '20030900265', '20030900289', '20033000282', '20030900309', '20030900326', '20030900363', '20030900421', '20030900462', '20033000191', '20033000273', '20033000480', '20033000169', '20033000233', '20033000235', '20033000236', '20033000234', '20033000305', '20033000171', '20033000456', '20030900318', '20030900385', '20030900459', '20033000283', '20033000443', '20030900437', '20033000272', '20033000168', '20033000206', '20033000275', '20100000712', '20100000713', '21020000993', '21011200331', '21011200341', '21011200400', '21011200332', '21011200342', '21011200401', '21012600125', '21012600135', '21011200333', '21011200343', '21011200402', '21012600126', '21012600136', '21011200334', '21011200344', '21011200403', '21012600127', '21012600137', '21011200335', '21011200345', '21011200404', '21012600128', '21012600138', '21011200336', '21011200346', '21011200405', '21012600129', '21012600139', '21011200337', '21011200347', '21011200406', '21012600130', '21012600140', '21011200338', '21011200348', '21011200407', '21012600131', '21012600141', '21011200339', '21011200349', '21011200408', '21012600132', '21012600142', '21011200340', '21011200350', '21012600133', '21012600143', '21011200351', '21011200360', '21011200409', '21011200418', '21011200353', '21011200362', '21011200411', '21011200420', '21011200354', '21011200363', '21011200412', '21011200421', '21011200355', '21011200364', '21011200413', '21011200422', '21011200356', '21011200365', '21011200414', '21011200423', '21011200357', '21011200366', '21011200415', '21011200424', '21011200358', '21011200367', '21011200416', '21011200425', '21011200359', '21011200368', '21011200417', '21011200426', '21011200352', '21011200361', '21011200410', '21011200419', '20030900255', '20030900308', '20030900325', '20030900358', '20030900451', '20033000271', '20033000479', '20033000231', '20030900445', '20033000462', '20030900267', '20033000487', '20033000494', '20030900268', '20030900274', '20030900269', '20030900270', '20030900272', '20030900286', '20030900290', '20030900306', '20030900371', '20030900466', '20033000464', '20030900320', '21270000121', '21270000138', '21270000615', '21270000814', '21270000790', '21270000807', '21270001075', '21270001175', '21270001195', '21270001157', '21270001142', '21270001384', '21270001385', '21270001428', '21270001464', '21270001465', '21270001508', '21270001944', '21270002145', '21270002183', '21270002469', '21270002470', '21270002471', '21270002472', '21270002473', '21270002534', '21270002551', '21270002836', '21270002869', '21270002875', '21270001225', '21270001219', '21270002613', '21270002614', '21270002617', '21270002618', '21270002621', '21270002622', '21270000189', '21270000190', '21270000191', '21270000192', '21270000193', '21270000194', '21270000215', '21270000219', '21270000216', '21270000220', '21270000707', '21270000708', '21270000712', '21270000713', '21270001226', '21270001220', '21270001335', '21270001336', '21270001337', '21270001338', '21270001343', '21270001344', '21270001345', '21270001346', '21270000344', '21270000346', '21270002265', '21270002269', '21270002362', '21270002363', '21270002366', '21270002367', '21270000241', '21270001287', '21270001297', '21270001247', '21270001260', '21270001273', '21270001694', '21270001710', '21270001912', '21270001900', '21270001918', '21270001906', '21270002478', '21270002488', '21270002498', '21270002699', '21270002701', '21270002792', '21270002793', '21270002798', '21270002799', '21270002934', '21270002936', '21270002994', '21270002997', '21270003005', '21270003006', '21270001286', '21270001296', '21270001246', '21270001259', '21270001272', '21270001693', '21270001709', '21270001911', '21270001917', '21270001899', '21270001905', '21270002740', '21270002744', '21270002789', '21270002790', '21270002795', '21270002796', '21270002933', '21270002935', '21270002995', '21270002996', '21270003003', '21270003007', '21270000617', '21270001858', '21270001838', '21270001848', '21270001804', '21270001820', '21270001754', '21270001770', '21270001786', '21270001734', '21270001744', '21270001872', '21270002723', '21270002725', '21270001857', '21270001837', '21270001847', '21270001803', '21270001819', '21270001753', '21270001769', '21270001785', '21270001733', '21270001743', '21270001871', '21270001862', '21270001842', '21270001852', '21270001808', '21270001824', '21270001758', '21270001774', '21270001790', '21270001738', '21270001748', '21270001876', '21270001861', '21270001841', '21270001851', '21270001807', '21270001823', '21270001757', '21270001773', '21270001789', '21270001737', '21270001747', '21270001875', '21270002202', '21270002216', '21270002230', '21270002244', '21270000240', '21270000243', '21270000260', '21270000261', '21270000266', '21270000267', '21270000338', '21270000340', '21270000342', '21270000592', '21270000598', '21270000689', '21270000690', '21270000697', '21270000698', '21270000723', '21270000727', '21270000732', '21270000741', '21270000742', '21270000749', '21270000750', '21270000751', '21270000752', '21270000775', '21270000776', '21270001201', '21270001207', '21270001284', '21270001285', '21270001289', '21270001299', '21270001249', '21270001251', '21270001262', '21270001264', '21270001275', '21270001277', '21270001318', '21270001319', '21270001326', '21270001327', '21270001538', '21270001540', '21270001541', '21270001657', '21270001659', '21270001666', '21270001667', '21270001669', '21270001670', '21270001698', '21270001700', '21270001684', '21270001714', '21270001685', '21270001689', '21270001688', '21270001716', '21270002279', '21270002280', '21270002291', '21270002292', '21270002480', '21270002490', '21270002500', '21270002599', '21270002605', '21270002611', '21270002633', '21270002637', '21270002638', '21270002634', '21270002645', '21270002649', '21270002646', '21270002650', '21270002851', '21270002852', '21270002910', '21270002909', '21270002911', '21270002917', '21270002918', '21270002919', '21270002938', '21270002977', '21270002979', '21270002985', '21270002987', '21270000203', '21270000226', '21270000231', '21270000232', '21270000236', '21270000237', '21270000225', '21270000272', '21270000273', '21270000280', '21270000281', '21270000400', '21270000401', '21270000402', '21270000403', '21270000404', '21270000405', '21270000580', '21270000583', '21270000586', '21270000597', '21270000591', '21270000678', '21270000683', '21270000677', '21270000684', '21270000722', '21270000726', '21270000733', '21270000743', '21270000744', '21270000753', '21270000754', '21270000777', '21270000778', '21270000812', '21270000773', '21270000774', '21270001200', '21270001206', '21270001211', '21270001288', '21270001298', '21270001250', '21270001263', '21270001276', '21270001316', '21270001317', '21270001324', '21270001325', '21270001332', '21270001331', '21270001539', '21270001543', '21270001544', '21270001542', '21270001545', '21270001672', '21270001673', '21270001675', '21270001676', '21270001697', '21270001699', '21270001713', '21270001715', '21270001901', '21270001902', '21270001908', '21270001907', '21270001914', '21270001920', '21270001915', '21270001921', '21270002277', '21270002278', '21270002326', '21270002289', '21270002325', '21270002290', '21270002317', '21270002318', '21270002337', '21270002338', '21270002347', '21270002348', '21270002598', '21270002604', '21270002610', '21270002635', '21270002636', '21270002639', '21270002640', '21270002647', '21270002648', '21270002651', '21270002652', '21270002745', '21270002853', '21270002854', '21270002937', '21270002976', '21270002978', '21270002984', '21270002986', '20030900470', '21270002267', '21270002271', '20030900351', '20030900407', '20030900352', '20030900353', '20030900408', '20030900354', '20030900409', '20030900347', '20030900357', '20031700282', '20031700283', '20031700284', '20031700285', '20031700286', '20030900386', '20030900432', '20030900423', '20030900442', '20030900443', '20030900454', '20030900480', '20030900481', '20030900482', '20033000013', '20033000014', '20033000016', '20033000015', '20033000017', '20033000285', '20033000461', '21012600124', '21012600134', '20033000165', '20033000166', '20033000167', '20033000177', '20033000174', '20033000471', '20033000190', '20033000237', '20033000444', '20033000445', '20033000446', '20033000447', '20033000448', '20033000449', '20033000450', '20033000451', '20033000452', '20033000474', '20033000490', '20033000497']"
Siltuximab,['0802040AMAA']
Silver,"['20030200025', '20030200026', '20030200027', '20030200183', '20030200182', '20030200180', '20030200181', '20030800051', '20030700009', '20030700010', '20030700011', '1310011Y0AA', '1307000Q0AA', '1307000Q0BB', '21010900594', '21010900799', '21010900835', '20031600050', '20030400290', '20030200056', '20030200057', '20030200058', '20031900036', '20031900049', '20031900038', '20031900051', '20031600049', '20031600051', '20031900035', '20031900048', '20050300478', '21020001261', '21020001260', '21020000725', '21020000970', '20030200185', '20030200186', '20030200187', '20030200188', '1311060T0AA', '20030400291', '20030400295', '20030400296', '190400000AA', '20031600027', '20031600028', '20031600029', '20031600048', '20030800056', '20030800086', '21010900659', '21010900916', '20030600451', '20031600047', '21010900833', '20030600452', '20030600455', '20030600456', '20032100027', '20032100028', '20030800155', '20030800160', '20031700120', '20031700121', '20031700122', '20031900037', '20031900050', '20033000340']"
Simeprevir,['0503032D0AA']
Simvastatin,"['0212000Y0AA', '1305020Z0AA']"
Siponimod,['0802040BBAA']
Sirolimus,"['0802020U0AA', '0801050AUAA']"
Sitagliptin,['0601023X0AA']
Sodium,"['1104020T0AA', '1310012Q0AA', '0606020R0AA', '0408010W0AA', '0606020T0AA', '0902012L0AA', '0902012L0BB', '1202010P0AA', '0106020P0AA', '130201000AA', '21240000100', '21240000110', '21240000120', '21240000130', '21240000140', '0408010P0BB', '1001030J0AA', '0902021S0AA', '0902021S0BH', '0902021S0BF', '0902021S0BE', '0303010Q0AA', '0106040R0AA', '0606020C0AA', '21130000110', '21130000130', '21130000133', '21160000100', '21160000060', '21160000107', '21160000125', '21160000130', '21160000065', '21160000061', '21160000095', '21160000131', '21160000135', '21160000063', '21160000139', '21160000140', '21160000141', '21160000144', '21160000090', '21160000091', '21160000080', '21160000020', '21160000070', '0501070N0AA', '0401030E0AA', '0401030E0BB', '0401030T0AA', '1108010K0AA', '21300000942', '21160000040', '090502100AA', '0401030T0BB', '0105040A0AA', '0905030G0AA', '0902021S0BC', '0902021S0BM', '0208010W0AA', '0902011P0AA', '0902021S0BB', '0902021S0BN', '0606020P0AA', '1003010U0AA', '0213000T0AA', '21160000050', '21160000116', '21160000111', '1311040T0AA', '190400000AA', '190900000AA', '1106000C0BB', '0905012H0AA', '0704030J0AA', '0902021S0BD', '0504050S0AA', '0801000X0AA', '0902021S0BG', '0908010P0AA', '0902021V0AA', '0902021V0BC', '0902021V0BB', '0902021V0BD', '0902021V0BE', '0208010AAAA', '190800000AA', '1311010S0AA', '1203040P0AA', '21160000041', '0905021S0AA', '190205500AA', '21160000035', '1202020L0AA', '0908010N0AA', '21300000133', '21300000130', '21300000944', '21300000951', '0401010ACAA', '21160000115', '21160000110', '0914071D0AA', '0914071D0BB', '1310020S0AA', '21300000118', '21300000310', '0905021L0AA', '21300000967', '0101010U0AA', '0101010U0BB', '110802050AA', '1108020G0AA', '21160000019', '21300000157', '21300000311', '0902011ABAA', '090603300AA']"
Sofosbuvir,"['0503032C0AA', '0503032J0AA']"
Solifenacin,"['0704020ABAA', '0704010W0AA']"
Somatrogon,['0605010AGAA']
Somatropin,['0605010S0AA']
Sorafenib,['0801050AJAA']
Sorbitol,['091101000AA']
Sotalol,['0204000T0AA']
Stannous Fluoride,['0905030M0AA']
Stanozolol,['0604030T0AA']
Stavudine,['0503010S0AA']
Sterculia,['0106010N0AA']
Stiripentol,['0408010AGAA']
Streptodornase,['1311070R0AA']
Streptokinase,"['0210020L0AA', '0210020L0BD']"
Streptomycin,['0501090U0AA']
Strontium Ranelate,['0606020X0AA']
Sucralfate,"['0103030S0AA', '0107010S0AA', '1313080S0AA']"
Sucrose,"['0501013B0BC', '0904010AWAA']"
Sulconazole,['1310020X0AA']
Sulindac,['1001010S0AA']
Sulpiride,['0402010U0AA']
Sumatriptan,['0407041T0AA']
Sunitinib,['0801050AMAA']
Suxamethonium,['1501050P0AA']
Tacalcitol,['1305020R0AA']
Tacrolimus,"['0802020T0AA', '1305030C0AA']"
Tadalafil,['0704050R0AA']
Tafamidis,['0409030S0AA']
Tafluprost,"['1106000AKAA', '1106000AMAA']"
Tamoxifen,['0803041S0AA']
Tamsulosin,['0704010U0AA']
Tapentadol,"['0407020AGAA', '0407020AHAA']"
Tartaric Acid,['190600000AA']
Taurine,"['0911010T0AA', '0911010T0BE', '0911010T0BC', '0911010T0BG']"
Tazarotene,['1305020T0AA']
Tedizolid,['0501070ADAA']
Tegafur,['0801030S0AA']
Teicoplanin,['0501070T0AA']
Telaprevir,['0503032B0AA']
Telbivudine,['0503031C0AA']
Telithromycin,['0501050T0AA']
Telmisartan,['0205052Q0AA']
Telotristat,['0104040A0AA']
Temazepam,['0401010T0AA']
Temocillin,['0501012U0AA']
Temoporfin,['0801050AKAA']
Temozolomide,['0801050Y0AA']
Tenecteplase,['0210020U0AA']
Tenofovir,"['0503010H0AA', '0503031D0AA']"
Tenoxicam,['100101040AA']
Terazosin,['0205040V0AA']
Terbinafine,"['0502050C0AA', '131002030AA']"
Terbutaline,['0301011V0AA']
Terfenadine,['0304010X0AA']
Teriflunomide,['0802040ALAA']
Teriparatide,['0606010U0AA']
Terizidone,['0501090X0AA']
Terlipressin,['0605020T0AA']
Testosterone,"['0604020T0AA', '0604020K0AA', '0604020M0AA', '0604020P0AA', '0604020H0AA']"
Tetrabenazine,['0409030C0AA']
Tetracaine,"['1502010A0AA', '1107000C0AA', '1107000C0BB', '1303000A0AA']"
Tetracosactide,['0605010T0AA']
Tetracycline,"['0501030V0AA', '1306010W0AA']"
Thalidomide,"['0802040AAAA', '0802040AABB', '0501100J0AA']"
Theophylline,['0301030S0AA']
Thiopental,['1501010P0AA']
Thioridazine,['0402010W0AA']
Thrombin,['0211000AAAA']
Thymol,"['1203040U0AA', '190900000AA', '1203030V0BD']"
Tiagabine,['0408010ABAA']
Tiaprofenic Acid,['1001010T0AA']
Tibolone,['0604011Y0AA']
Ticagrelor,['0209000Z0AA']
Ticlopidine,['0209000U0AA']
Tigecycline,['0501030Y0AA']
Tilactase,['0913121A0AA']
Tildrakizumab,['1305030H0AA']
Tiludronic Acid,['0606020U0AA']
Timolol,"['0204000V0AA', '1106000Z0AA', '020400030AA', '1106000AHAA']"
Tinidazole,['0501110G0AA']
Tioconazole,['1310020T0AA']
Tiopronin,['1001030Q0AA']
Tiotropium Bromide,['0301020Q0AA']
Tipiracil,['0801030AFAA']
Tipranavir,['0503010ABAA']
Tirbanibulin,['1308010AAAA']
Tirzepatide,['0601023AZAA']
Tivozanib,['0802040BAAA']
Tizanidine,['1002020T0AA']
Tobramycin,"['0501040U0AA', '1103010X0AA']"
Tocilizumab,['1001030W0AA']
Tofacitinib,['1001030ABAA']
Tolbutamide,['0601021X0AA']
Tolcapone,['0409010S0AA']
Tolfenamic Acid,['0407041U0AA']
Tolnaftate,['1310020Y0AA']
Tolterodine,['0704020N0AA']
Tolvaptan,['0605020Y0AA']
Topiramate,['040801050AA']
Topotecan,['0801050AFAA']
Torasemide,['0202020U0AA']
Toremifene,['0803041U0AA']
Trabectedin,['0801050AVAA']
Tralokinumab,['1305030J0AA']
Tramadol,['040702040AA']
Trametinib,['0801050CHAA']
Trandolapril,"['0205051U0AA', '0205051V0AA']"
Tranexamic Acid,['0211000P0AA']
Tranylcypromine,['0403020Q0AA']
Trastuzumab,['0801050ADAA']
Travoprost,['1106000AEAA']
Trazodone,['0403010X0AA']
Treosulfan,['0801010Z0AA']
Tretinoin,"['1306010V0AA', '0801050X0AA']"
Triamcinolone,"['1203010T0AA', '1202010T0AA', '1001022U0AA', '0603020Z0AA', '1001022Y0AA']"
Triamterene,"['0202040V0AA', '0202030W0AA']"
Triclofos,['0401010X0AA']
Triclosan,['1311050U0AA']
Trientine,"['0908010S0AA', '0908010ASAA']"
Trifarotene,['1306010ACAA']
Trifluoperazine,['0402010X0AA']
Trifluridine,['1103030T0AA']
Trilostane,['0607030T0AA']
Trimetaphan,['0205060R0AA']
Trimetazidine,['0206020B0AA']
Trimethoprim,['0501080W0AA']
Triptorelin,"['0803042P0AA', '0803042W0AA', '0803042S0AA']"
Tropicamide,"['1105000S0AA', '1105000S0BB']"
Tropisetron,['0406000Y0AA']
Trospium,['0704020Z0AA']
Tryptophan,"['0403040S0AA', '0403040R0BE']"
Tyrosine,"['0913213A0AA', '0913213A0BH', '091101000AA', '091101000BB', '0913213A0BC']"
Ubidecarenone,"['091102000AA', '091102000BB']"
Ulipristal,"['0703050B0AA', '0604012U0AA']"
Undecenoic Acid,['1310020Z0AA']
Upadacitinib,['1001030AEAA']
Urea,"['1302010U0AA', '1302010U0BG', '21220000117', '010300000AA', '21220000111', '190400000AA', '20031700135', '20031700136', '20031700137', '20031700138', '20031700139', '20031700140', '20031700141', '20031700142', '20031700143', '20031700144', '20031700145', '20031700133', '20031700134', '20031700132', '20031700123', '131500000BB', '130201000AA', '130201000BB']"
Ustekinumab,"['1305030D0AA', '0105030B0AA']"
Valaciclovir,['0503021A0AA']
Valdecoxib,['1001010ALAA']
Valine,"['20030100085', '20030100087', '20030100086', '0913213A0AA', '0913213A0BD', '1302020F0BD', '091101000AA', '090401000BB', '091101000BB']"
Valproic Acid,"['0402030Q0AA', '040801020AA']"
Valsartan,"['0205052V0AA', '0205052AEAA']"
Vancomycin,"['0501070U0AA', '1103010Z0AA']"
Vandetanib,['0801050BGAA']
Vardenafil,['0704050AAAA']
Varenicline,['0410020C0AA']
Vecuronium,['1501050V0AA']
Vedolizumab,['0105030A0AA']
Vemurafenib,['0801050BDAA']
Venlafaxine,['0403040W0AA']
Verapamil,['0206020T0AA']
Vericiguat,['0205010ACAA']
Verteporfin,['1108020ABAA']
Vigabatrin,['0408010X0AA']
Vildagliptin,['0601023AAAA']
Vinblastine,['0801040H0AA']
Vincristine,['0801040M0AA']
Vindesine,['0801040Q0AA']
Vinorelbine,['0801040R0AA']
Vismodegib,['0801050BMAA']
Voriconazole,['0502010D0AA']
Vortioxetine,['0403040ABAA']
Warfarin,['0208020V0AA']
Xipamide,['0202010Y0AA']
Xylometazoline,['1202020P0AA']
Yohimbine,['0704050Y0AA']
Zafirlukast,['0303020Z0AA']
Zalcitabine,['0503010X0AA']
Zaleplon,['0401010W0AA']
Zanamivir,['0503040A0AA']
Zanubrutinib,['0801050CSAA']
Ziconotide,['1502010X0AA']
Zidovudine,['0503010Y0AA']
Zinc,"['20100000630', '20100000631', '20100000627', '20100000764', '20100000632', '20100000765', '20100000633', '20100000613', '20100000616', '20100000617', '20100000618', '0905041Q0AA', '0905041Q0BC', '0905041Q0BG', '1302020E0AA', '1302020E0BJ', '0601012G0AA', '0601012N0AA', '1313010S0AA', '0905041R0AA', '0905041R0BC', '0905041R0BD', '0905041R0BE', '1108010Y0AA', '130201000AA', '130101000AA', '090504100AA', '090504100BB', '190400000AA', '1311060Z0AA', '23050600500', '23050600501', '23050600502', '0908010AJAA', '1305010ACAA', '20020200704', '1302020G0AA', '1302020G0BC', '091000000BB', '0905041Q0BD', '1302020E0BI', '20020201150', '20020201149']"
Ziprasidone,['0402010AGAA']
Zoledronic Acid,['0606020V0AA']
Zolmitriptan,['0407041Z0AA']
Zolpidem,['0401010Y0AA']
Zonisamide,['0408010ADAA']
Zopiclone,['0401010Z0AA']
Zotepine,['0402010ACAA']
Zuclopenthixol,"['0402010T0AA', '0402020Z0AA', '040201010AA']"
